metric_id,metric_label,metric_family,comparison_role,unit,population,env39_value,env38_value,absolute_difference,signed_difference_env38_minus_env39,relative_difference_percent,comparison_status,interpretation_note
geometry.maximum_edge_circuity,Maximum edge circuity,geometric_morphology,geometry_sensitive,ratio,positive-chord physical edges,1.402464675963248,1.2696740110613949,0.1327906649018531,-0.1327906649018531,-9.468378575071712,DESCRIPTIVE_DIFFERENCE,Env38 is lower for this dimensionless planar geometry descriptor.
geometry.maximum_edge_length,Maximum physical-edge length,geometric_morphology,geometry_sensitive,local units,physical canonical edges,674.9952524104815,505.5201047999172,169.4751476105643,-169.4751476105643,-25.107605869130207,DESCRIPTIVE_DIFFERENCE,Env38 is lower for this planar geometry descriptor in GeoGami local units.
geometry.mean_edge_circuity,Mean edge circuity,geometric_morphology,geometry_sensitive,ratio,positive-chord physical edges,1.0111449497153886,1.0364975857178171,0.02535263600242854,0.02535263600242854,2.507319648836169,DESCRIPTIVE_DIFFERENCE,Env38 is greater for this dimensionless planar geometry descriptor.
geometry.mean_edge_length,Mean physical-edge length,geometric_morphology,geometry_sensitive,local units,physical canonical edges,158.63272001671183,165.20078701368584,6.568066996974011,6.568066996974011,4.140423864813054,DESCRIPTIVE_DIFFERENCE,Env38 is greater for this planar geometry descriptor in GeoGami local units.
geometry.median_edge_circuity,Median edge circuity,geometric_morphology,geometry_sensitive,ratio,positive-chord physical edges,1.0,1.0139744687039383,0.013974468703938259,0.013974468703938259,1.3974468703938259,DESCRIPTIVE_DIFFERENCE,Env38 is greater for this dimensionless planar geometry descriptor.
geometry.median_edge_length,Median physical-edge length,geometric_morphology,geometry_sensitive,local units,physical canonical edges,131.0174803014961,143.4478602096824,12.430379908186296,12.430379908186296,9.487573627260753,DESCRIPTIVE_DIFFERENCE,Env38 is greater for this planar geometry descriptor in GeoGami local units.
geometry.network_circuity,Network circuity,geometric_morphology,geometry_sensitive,ratio,positive-chord physical edges,1.022596526286689,1.038846945394489,0.016250419107800118,0.016250419107800118,1.5891330246162256,DESCRIPTIVE_DIFFERENCE,Env38 is greater for this dimensionless planar geometry descriptor.
geometry.segment_count,Geometry segment count,geometric_morphology,context_only,segments,LineString geometry segments,76,178,102.0,102.0,,DESCRIPTIVE_DIFFERENCE,Env38 is greater for this dimensionless planar geometry descriptor.
geometry.total_length,Total physical network length,geometric_morphology,geometry_sensitive,local units,physical canonical edges,10945.657681153116,11398.854303944323,453.1966227912071,453.1966227912071,4.140423864813058,DESCRIPTIVE_DIFFERENCE,Env38 is greater for this planar geometry descriptor in GeoGami local units.
geometry.zero_chord_edge_count,Zero-chord edge count,geometric_morphology,context_only,physical streets,physical canonical edges,0,0,0.0,0.0,,DESCRIPTIVE_MATCH,The stored descriptive values are equal under the accepted shared methodology.
network_weighted.mean_shortest_path_length,Mean weighted shortest-path length,geometry_weighted_network,geometry_sensitive,local units,unordered canonical-node pairs,724.2999737149149,721.4252938680377,2.8746798468772568,-2.8746798468772568,-0.3968907843711635,DESCRIPTIVE_DIFFERENCE,Env38 is lower; equal topology isolates a difference in local geometry-based edge costs.
orientation.bin_count,Orientation-bin count,orientation_morphology,context_only,bins,both axial distributions,36,36,0.0,0.0,,DESCRIPTIVE_MATCH,The stored descriptive values are equal under the accepted shared methodology.
orientation.bin_width_degrees,Orientation-bin width,orientation_morphology,context_only,degrees,both axial distributions,5.0,5.0,0.0,0.0,,DESCRIPTIVE_MATCH,The stored descriptive values are equal under the accepted shared methodology.
orientation.chord_entropy,Chord orientation entropy,orientation_morphology,orientation_sensitive,nats,36-bin chord orientations,0.8233712721085531,2.9808051798049027,2.1574339076963494,2.1574339076963494,262.0244330569641,DESCRIPTIVE_DIFFERENCE,Env38 is greater for this directional morphology descriptor; no navigation claim is implied.
orientation.chord_entropy_normalized,Normalized chord orientation entropy,orientation_morphology,orientation_sensitive,proportion,36-bin chord orientations,0.22976612828040105,0.8318095232640588,0.6020433949836577,0.6020433949836577,262.0244330569641,DESCRIPTIVE_DIFFERENCE,Env38 is greater for this directional morphology descriptor; no navigation claim is implied.
orientation.chord_observation_count,Chord-orientation observations,orientation_morphology,context_only,physical streets,positive-chord physical edges,69,69,0.0,0.0,,DESCRIPTIVE_MATCH,The stored descriptive values are equal under the accepted shared methodology.
orientation.phi_chord,"Fourfold order, chords",orientation_morphology,orientation_sensitive,proportion,positive-chord physical edges,0.9511069268378259,0.5787070314167302,0.37239989542109575,-0.37239989542109575,-39.154366865902766,DESCRIPTIVE_DIFFERENCE,Env38 is lower for this directional morphology descriptor; no navigation claim is implied.
orientation.phi_segment_length_weighted,"Fourfold order, length-weighted segments",orientation_morphology,orientation_sensitive,proportion,positive LineString geometry segments,1.0,0.4437291100780897,0.5562708899219103,-0.5562708899219103,-55.627088992191034,DESCRIPTIVE_DIFFERENCE,Env38 is lower for this directional morphology descriptor; no navigation claim is implied.
orientation.segment_entropy_length_weighted,Segment-length-weighted orientation entropy,orientation_morphology,orientation_sensitive,nats,36-bin geometry-segment orientations,0.6896030136902007,3.2269625103808837,2.5373594966906827,2.5373594966906827,367.9449547519776,DESCRIPTIVE_DIFFERENCE,Env38 is greater for this directional morphology descriptor; no navigation claim is implied.
orientation.segment_entropy_length_weighted_normalized,Normalized segment-length-weighted entropy,orientation_morphology,orientation_sensitive,proportion,36-bin geometry-segment orientations,0.19243738502113314,0.9005010342630304,0.7080636492418972,0.7080636492418972,367.9449547519776,DESCRIPTIVE_DIFFERENCE,Env38 is greater for this directional morphology descriptor; no navigation claim is implied.
orientation.segment_observation_count,Segment-orientation observations,orientation_morphology,context_only,segments,LineString geometry segments,76,178,102.0,102.0,,DESCRIPTIVE_DIFFERENCE,Env38 is greater for this directional morphology descriptor; no navigation claim is implied.
topology.articulation_point_count,Articulation-point count,topology_controlled,topology_control,nodes,canonical nodes,9,9,0.0,0.0,,CONTROL_MATCH,Expected equality confirms the controlled graph topology; it does not imply equal morphology.
topology.bridge_count,Bridge count,topology_controlled,topology_control,physical streets,simple physical graph edges,10,10,0.0,0.0,,CONTROL_MATCH,Expected equality confirms the controlled graph topology; it does not imply equal morphology.
topology.component_count,Connected components,topology_controlled,topology_control,components,physical graph,1,1,0.0,0.0,,CONTROL_MATCH,Expected equality confirms the controlled graph topology; it does not imply equal morphology.
topology.cycle_rank,Cycle rank,topology_controlled,topology_control,independent cycles,physical graph,24,24,0.0,0.0,,CONTROL_MATCH,Expected equality confirms the controlled graph topology; it does not imply equal morphology.
topology.dead_end_proportion,Dead-end proportion,topology_controlled,topology_control,proportion,canonical nodes,0.21739130434782608,0.21739130434782608,0.0,0.0,,CONTROL_MATCH,Expected equality confirms the controlled graph topology; it does not imply equal morphology.
topology.degree_3_proportion,Degree-3 node proportion,topology_controlled,topology_control,proportion,canonical nodes,0.34782608695652173,0.34782608695652173,0.0,0.0,,CONTROL_MATCH,Expected equality confirms the controlled graph topology; it does not imply equal morphology.
topology.degree_4_proportion,Degree-4 node proportion,topology_controlled,topology_control,proportion,canonical nodes,0.43478260869565216,0.43478260869565216,0.0,0.0,,CONTROL_MATCH,Expected equality confirms the controlled graph topology; it does not imply equal morphology.
topology.diameter_hops,Diameter in hops,topology_controlled,topology_control,hops,physical graph,10,10,0.0,0.0,,CONTROL_MATCH,Expected equality confirms the controlled graph topology; it does not imply equal morphology.
topology.edge_connectivity,Edge connectivity,topology_controlled,topology_control,physical streets,physical graph,1,1,0.0,0.0,,CONTROL_MATCH,Expected equality confirms the controlled graph topology; it does not imply equal morphology.
topology.is_connected,Graph is connected,topology_controlled,topology_control,boolean,physical graph,True,True,,,,CONTROL_MATCH,Expected equality confirms the controlled graph topology; it does not imply equal morphology.
topology.mean_degree,Mean physical-node degree,topology_controlled,topology_control,physical streets per node,canonical nodes,3.0,3.0,0.0,0.0,,CONTROL_MATCH,Expected equality confirms the controlled graph topology; it does not imply equal morphology.
topology.mean_shortest_path_hops,Mean shortest-path hops,topology_controlled,topology_control,hops,unordered canonical-node pairs,4.308212560386473,4.308212560386473,0.0,0.0,,CONTROL_MATCH,Expected equality confirms the controlled graph topology; it does not imply equal morphology.
topology.node_connectivity,Node connectivity,topology_controlled,topology_control,nodes,physical graph,1,1,0.0,0.0,,CONTROL_MATCH,Expected equality confirms the controlled graph topology; it does not imply equal morphology.
topology.node_count,Canonical nodes,topology_controlled,topology_control,nodes,canonical nodes,46,46,0.0,0.0,,CONTROL_MATCH,Expected equality confirms the controlled graph topology; it does not imply equal morphology.
topology.parallel_edge_count,Parallel physical-edge count,topology_controlled,topology_control,physical streets beyond first per pair,undirected physical edges,0,0,0.0,0.0,,CONTROL_MATCH,Expected equality confirms the controlled graph topology; it does not imply equal morphology.
topology.physical_edge_count,Physical canonical edges,topology_controlled,topology_control,physical streets,undirected physical edges,69,69,0.0,0.0,,CONTROL_MATCH,Expected equality confirms the controlled graph topology; it does not imply equal morphology.
topology.radius_hops,Radius in hops,topology_controlled,topology_control,hops,physical graph,6,6,0.0,0.0,,CONTROL_MATCH,Expected equality confirms the controlled graph topology; it does not imply equal morphology.
topology.self_loop_count,Self-loop count,topology_controlled,topology_control,physical streets,undirected physical edges,0,0,0.0,0.0,,CONTROL_MATCH,Expected equality confirms the controlled graph topology; it does not imply equal morphology.
