edge_id,u,v,key,geometry_length_local,chord_length_local,circuity,excess_length_local,chord_orientation_deg,vertex_count,geometry_segment_count,zero_length_segment_count,zero_chord
E001,N001,N014,0,305.1241505738637,305.12415057386363,1.0000000000000002,5.684341886080802e-14,174.24117275174393,2,1,0,False
E002,N002,N007,0,92.0975580497801,86.3338177788372,1.0667610957007365,5.763740270942904,6.263490614334472,3,2,0,False
E003,N003,N005,0,108.74617729732151,108.74617729732151,1.0,0.0,13.955826242302493,2,1,0,False
E004,N004,N005,0,87.6267319818956,86.7064924233155,1.0106132716577594,0.9202395585801071,82.81969232898285,3,2,0,False
E005,N004,N008,0,149.93123643725087,145.92510120868445,1.0274533661130536,4.006135228566421,51.47762387441148,5,3,1,False
E006,N004,N009,0,83.52439566902613,83.52439566902613,1.0,0.0,10.020679589054168,2,1,0,False
E007,N005,N006,0,159.34732291930894,155.52390459315754,1.0245841199534775,3.8234183261513977,104.11377959622426,4,3,0,False
E008,N005,N010,0,91.09603069474701,88.15576788678267,1.0333530394941428,2.940262807964345,168.35656850123834,3,2,0,False
E009,N006,N007,0,185.87428542362062,179.9422560248815,1.0329662944645914,5.932029398739132,69.58051589314795,4,3,0,False
E010,N006,N011,0,75.42539782810915,72.1855538373448,1.044882165731729,3.2398439907643564,146.888658039628,3,2,0,False
E011,N007,N017,0,160.25800450911453,156.02620184390213,1.0271223846713011,4.231802665212399,1.9219559589314485,5,4,0,False
E012,N008,N009,0,102.9362531923765,100.00662063995644,1.029294386048373,2.9296325524200597,85.04674252215808,3,2,0,False
E013,N008,N015,0,88.00719304497585,87.67968164558985,1.0037353169313483,0.3275113993859975,15.826154076172458,4,3,0,False
E014,N009,N010,0,118.58119872097764,118.54380561994408,1.0003154369883607,0.037393101033558196,86.73763312605483,3,2,0,False
E015,N009,N020,0,87.48258046300535,87.48258046300535,1.0,0.0,20.969402047911046,2,1,0,False
E016,N010,N011,0,178.8338946986018,172.8903254466716,1.0343776856025615,5.9435692519301995,93.99523347071359,3,2,0,False
E017,N010,N019,0,112.41649832630247,107.39391525871885,1.046767855101324,5.022583067583625,165.6762094426343,4,3,0,False
E018,N011,N016,0,36.615543500190505,36.615543500190505,1.0,0.0,158.96248897457815,2,1,0,False
E019,N012,N013,0,104.92268600485478,95.09732817034273,1.1033189682985878,9.825357834512047,111.7270959359179,5,4,0,False
E020,N013,N014,0,75.5116239554424,66.71767205835148,1.1318084343440475,8.79395189709092,72.66912424137746,6,5,0,False
E021,N013,N026,0,328.46308383709385,327.28759798405383,1.0035915991326299,1.1754858530400156,2.5930481356416237,3,2,0,False
E022,N014,N015,0,185.06437388168803,177.21786188114964,1.044276078704756,7.846512000538382,87.83515292966135,4,3,0,False
E023,N014,N027,0,225.40311023324927,225.32797045775763,1.000333468478587,0.07513977549163542,177.53078884915158,4,3,0,False
E024,N015,N020,0,92.92762983630723,92.92762983630723,1.0,0.0,83.01419503033023,2,1,0,False
E025,N015,N022,0,126.65657313038899,125.33842088256046,1.010516745292839,1.318152247828536,168.1301416489608,3,2,0,False
E026,N016,N017,0,111.8656466118874,110.8354899690279,1.0092944655466165,1.0301566428594953,89.23484546419108,3,2,0,False
E027,N016,N019,0,174.72259695403386,169.23398968696108,1.0324320621243124,5.48860726707278,70.01689347810002,4,3,0,False
E028,N016,N025,0,158.1426264458396,157.17520640741515,1.0061550422648518,0.96742003842445,178.699150543889,4,3,0,False
E029,N017,N018,0,102.46663540360838,98.00916252898539,1.0454801649111605,4.457472874622994,96.74557964748281,4,3,0,False
E030,N017,N021,0,158.11817316149916,158.1181731614992,1.0,-2.842170943040401e-14,178.1034816967907,2,1,0,False
E031,N019,N020,0,179.39170919932056,176.91935520686135,1.0139744687039383,2.4723539924592046,95.0653307835856,4,3,0,False
E032,N019,N024,0,81.87013372182906,81.87013372182906,1.0,0.0,3.5818494235686558,2,1,0,False
E033,N020,N023,0,172.4994064532241,143.0602113790603,1.2057818508051836,29.43919507416382,169.0899649812011,6,5,0,False
E034,N021,N025,0,113.50393868771974,112.49173595846946,1.008998018571106,1.0122027292502764,89.70293399106048,4,3,0,False
E035,N021,N032,0,143.4478602096824,143.44786020968237,1.0000000000000002,2.842170943040401e-14,179.85514086297778,2,1,0,False
E036,N022,N023,0,93.76016943217722,93.76016943217722,1.0,0.0,93.98381201583743,2,1,0,False
E037,N022,N028,0,126.01995664060465,121.55825807758131,1.036704199563108,4.461698563023333,144.14823845658,3,2,0,False
E038,N023,N024,0,177.6981299703287,150.35971918406966,1.181820044188773,27.338410786259033,73.32532566535383,7,6,0,False
E039,N023,N029,0,130.20674364322798,122.35471584661799,1.064174296366747,7.852027796609988,156.18871446195757,4,3,0,False
E040,N024,N025,0,214.12774603517303,168.64781366688848,1.2696740110613949,45.47993236828455,95.98683226653303,7,6,0,False
E041,N024,N030,0,169.21798307561767,169.2179830756177,1.0,-2.842170943040401e-14,4.412662209097192,2,1,0,False
E042,N025,N031,0,108.88217503237928,107.36777798615512,1.0141047628499813,1.5143970462241612,19.89225705335545,4,3,0,False
E043,N026,N027,0,152.2879695300759,150.3088223882475,1.01316720542668,1.9791471418284061,35.93132321578288,3,2,0,False
E044,N026,N033,0,350.8484515065355,326.9726590119165,1.0730207613283924,23.87579249461902,173.8971641916322,5,4,0,False
E045,N027,N028,0,297.576047635548,264.5734715440713,1.1247387952347265,33.00257609147667,87.69789170756341,6,5,0,False
E046,N027,N034,0,292.1595401137546,291.27527467918935,1.0030358410460316,0.8842654345652363,173.67192702019372,4,3,0,False
E047,N028,N029,0,76.15183666926939,74.4520284708246,1.0228309185573217,1.699808198444785,105.52411099675433,3,2,0,False
E048,N029,N030,0,82.75044223894032,82.75044223894032,1.0,0.0,99.48240301253254,2,1,0,False
E049,N030,N031,0,154.86625679374424,152.69113583866073,1.0142452339694548,2.175120955083514,70.81993496989101,5,4,0,False
E050,N030,N035,0,331.8031125409261,321.0522106003801,1.0334864597893327,10.750901940546044,177.13174631470298,5,4,0,False
E051,N031,N032,0,178.13790553835645,155.1506337218514,1.1481609920956934,22.987271816505057,105.66883236304638,4,3,0,False
E052,N031,N036,0,334.5900837558645,316.86402765733317,1.0559421535779405,17.72605609853133,172.5323452684943,5,4,0,False
E053,N032,N038,0,376.96804790400006,371.86863375794843,1.013712945064818,5.099414146051629,176.1131206252401,4,3,0,False
E054,N033,N034,0,181.4378088588439,179.08126640788515,1.0131590673788924,2.356542450958756,28.535136598692272,4,3,0,False
E055,N033,N045,0,207.16630748482498,202.84478688629753,1.0213045682113084,4.3215205985274565,164.8818799234346,3,2,0,False
E056,N034,N035,0,421.2508547172374,405.30050271196325,1.0393543849527611,15.95035200527417,97.66812889721211,5,4,0,False
E057,N034,N041,0,505.5201047999172,478.1427003647597,1.0572578111393778,27.377404435157473,117.96158978138098,6,5,0,False
E058,N035,N036,0,203.6632684850848,178.55291542059345,1.1406325570509013,25.110353064491363,71.50586257644585,5,4,0,False
E059,N035,N040,0,89.04117737204645,89.04117737204645,1.0,0.0,173.6598082540901,2,1,0,False
E060,N036,N037,0,165.44968654754905,149.61830584388574,1.1058117896361026,15.831380703663314,169.47603049584305,4,3,0,False
E061,N037,N038,0,118.13038294347533,116.58764774976946,1.0132324068928555,1.542735193705866,65.49240206804666,3,2,0,False
E062,N037,N040,0,186.83645910347465,186.83645910347465,1.0,0.0,90.60309119438055,2,1,0,False
E063,N038,N039,0,82.11888029823717,81.39445511799603,1.0089001785095921,0.7244251802411412,114.01155332255439,3,2,0,False
E064,N038,N042,0,121.14833267690784,121.14833267690784,1.0,0.0,178.90059695634366,2,1,0,False
E065,N040,N041,0,82.3271301838125,82.32713018381249,1.0000000000000002,1.4210854715202004e-14,172.4505782317367,2,1,0,False
E066,N041,N042,0,285.82129094184364,284.5014431441314,1.0046391602908096,1.3198477977122707,88.6136830200951,4,3,0,False
E067,N041,N046,0,123.91959395354799,123.91959395354799,1.0,0.0,1.1366718775989284,2,1,0,False
E068,N042,N043,0,76.79312124629479,76.12039617246356,1.0088376454624206,0.6727250738312307,103.83517340668972,3,2,0,False
E069,N042,N044,0,141.27504521656488,136.07724299444186,1.0381974392465854,5.197802222123016,17.289744303615407,4,3,0,False
