source_fid,vertex_count,geometry_length_local_units,chord_length_local_units,geometry_chord_ratio,endpoint_orientation_mod_180_degrees,axis_deviation_degrees,is_exactly_horizontal,is_exactly_vertical,is_straight_non_axis_aligned,has_more_than_two_vertices,internal_vertex_count,maximum_intermediate_deviation_local_units,collinearity_tolerance_local_units,all_vertices_collinear_within_numerical_precision,consecutive_duplicate_vertex_count,distinct_vertex_count,internal_turn_diagnostics,maximum_internal_direction_change_degrees
1,4,69.93270701808099,69.93270701808099,1.0,0.0,0.0,True,False,False,True,2,0.0,1.2573791489264535e-11,True,2,2,[],
2,3,176.69281129945531,176.69281129945531,1.0,0.0,0.0,True,False,False,True,1,0.0,1.2573791489264535e-11,True,1,2,[],
3,3,119.71296881121816,119.71296881121816,1.0,179.9999999999999,1.1368683772161603e-13,False,False,True,True,1,0.0,1.2573791489264535e-11,True,1,2,[],
4,3,131.0174803014961,131.0174803014961,1.0,4.971684673409874e-14,4.971684673409874e-14,False,False,True,True,1,0.0,1.2573791489264533e-11,True,1,2,[],
5,3,133.81436320085186,133.81436320085186,1.0,4.867770418531436e-14,4.867770418531436e-14,False,False,True,True,1,0.0,1.2573791489264535e-11,True,1,2,[],
6,3,139.8187909505923,139.8187909505923,1.0,0.0,0.0,True,False,False,True,1,0.0,1.2573791489264535e-11,True,1,2,[],
7,2,115.41006677963219,115.41006677963219,1.0,0.0,0.0,True,False,False,False,0,0.0,1.390729221918295e-11,True,0,2,[],
8,3,119.71296881121759,119.71296881121759,1.0,0.0,0.0,True,False,False,True,1,0.0,1.5243278368484295e-11,True,1,2,[],
9,3,131.0174803015127,131.0174803015127,1.0,0.0,0.0,True,False,False,True,1,0.0,1.5243278368484295e-11,True,1,2,[],
10,2,133.8143632008082,133.8143632008082,1.0,0.0,0.0,True,False,False,False,0,0.0,1.5243278368484295e-11,True,0,2,[],
11,3,139.8187909505923,139.8187909505923,1.0,0.0,0.0,True,False,False,True,1,0.0,1.5243278368484295e-11,True,1,2,[],
12,2,92.22269392652106,92.22269392652106,1.0,89.99999999999156,8.44124770082999e-12,False,False,True,False,0,0.0,1.5243278368484295e-11,True,0,2,[],
13,3,119.71296881123118,119.71296881123118,1.0,0.0,0.0,True,False,False,True,1,0.0,1.3932715063649962e-11,True,1,2,[],
14,3,131.0174803015127,131.0174803015127,1.0,0.0,0.0,True,False,False,True,1,0.0,1.3932715063649962e-11,True,1,2,[],
15,2,133.8143632008082,133.8143632008082,1.0,0.0,0.0,True,False,False,False,0,0.0,1.3932715063649962e-11,True,0,2,[],
16,2,92.22269392652106,92.22269392652106,1.0,90.0,0.0,False,True,False,False,0,0.0,1.5243278368484295e-11,True,0,2,[],
17,2,95.62574536292493,95.62574536292493,1.0,90.0,0.0,False,True,False,False,0,0.0,1.3932715063649962e-11,True,0,2,[],
18,2,110.46092271849352,110.46092271849352,1.0,90.0,0.0,False,True,False,False,0,0.0,1.6813022492943963e-11,True,0,2,[],
19,2,92.22269392652106,92.22269392652106,1.0,90.0,0.0,False,True,False,False,0,0.0,1.5243278368484295e-11,True,0,2,[],
20,2,95.62574536292504,95.62574536292504,1.0,89.99999999997384,2.616218353068689e-11,False,False,True,False,0,0.0,1.3932715063649962e-11,True,0,2,[],
21,3,122.47794810329083,122.47794810329083,1.0,90.0,0.0,False,True,False,True,1,0.0,1.2573791489264533e-11,True,1,2,[],
22,3,125.57259800327029,125.57259800327029,1.0,90.0,0.0,False,True,False,True,1,0.0,1.0833275162952616e-11,True,1,2,[],
23,2,249.44367028834677,249.44367028834677,1.0,90.0,0.0,False,True,False,False,0,0.0,9.048781216517677e-12,True,0,2,[],
24,3,152.78984520883932,152.78984520883932,1.0,90.0,0.0,False,True,False,True,1,0.0,8.378655528597188e-12,True,1,2,[],
25,3,115.53359626588013,115.53359626588013,1.0,90.0,0.0,False,True,False,True,1,0.0,8.378655528597188e-12,True,1,2,[],
26,2,122.47794810329094,122.47794810329094,1.0,90.0,0.0,False,True,False,False,0,0.0,1.2573791489264535e-11,True,0,2,[],
27,2,125.57259800327029,125.57259800327029,1.0,90.0,0.0,False,True,False,False,0,0.0,1.0833275162952616e-11,True,0,2,[],
28,2,92.22269392652106,92.22269392652106,1.0,90.0,0.0,False,True,False,False,0,0.0,1.5243278368484295e-11,True,0,2,[],
29,2,95.62574536292516,95.62574536292516,1.0,89.99999999998379,1.6214585230045486e-11,False,False,True,False,0,0.0,1.3932715063649962e-11,True,0,2,[],
30,2,121.96749038783048,121.96749038783048,1.0,90.0,0.0,False,True,False,False,0,0.0,1.2573791489264531e-11,True,0,2,[],
31,2,0.5104577154602339,0.5104577154602339,1.0,90.0,0.0,False,True,False,False,0,0.0,1.0840529203385275e-11,True,0,2,[],
32,2,302.7333288752626,302.7333288752626,1.0,90.0,0.0,False,False,True,False,0,0.0,1.687589084336036e-11,True,0,2,[],
33,4,248.05054610656123,248.05054610656123,1.0,90.0,0.0,False,False,True,True,2,0.0,1.2573791489264535e-11,True,2,2,[],
34,2,249.44367028834677,249.44367028834677,1.0,90.0,0.0,False,False,True,False,0,0.0,9.048781216517677e-12,True,0,2,[],
35,3,247.571991998312,247.571991998312,1.0,90.0,0.0,False,False,True,True,1,0.0,5.50397345842323e-12,True,1,2,[],
36,3,248.05054610656123,248.05054610656123,1.0,90.0,0.0,False,False,True,True,1,0.0,1.2573791489264535e-11,True,1,2,[],
37,2,249.44367028834677,249.44367028834677,1.0,90.0,0.0,False,False,True,False,0,0.0,9.048781216517677e-12,True,0,2,[],
38,2,361.06375740235785,361.06375740235785,1.0,90.0,0.0,False,False,True,False,0,0.0,5.50397345842323e-12,True,0,2,[],
39,2,176.6928112994553,176.6928112994553,1.0,0.0,0.0,True,False,False,False,0,0.0,9.048781216517677e-12,True,0,2,[],
40,2,69.932707018081,69.932707018081,1.0,0.0,0.0,True,False,False,False,0,0.0,9.048781216517677e-12,True,0,2,[],
41,2,119.71296881121816,119.71296881121816,1.0,0.0,0.0,True,False,False,False,0,0.0,9.048781216517677e-12,True,0,2,[],
42,2,427.4232604121695,427.4232604121695,1.0,0.0,0.0,True,False,False,False,0,0.0,8.378655528597188e-12,True,0,2,[],
43,3,273.63315415149555,273.63315415149555,1.0,0.0,0.0,True,False,False,True,1,0.0,1.2267216527506566e-11,True,1,2,[],
44,3,122.47794810329094,122.47794810329094,1.0,90.0,0.0,False,True,False,True,1,0.0,1.2573791489264535e-11,True,1,2,[],
45,2,125.37929809498019,125.37929809498019,1.0,90.0,0.0,False,True,False,False,0,0.0,1.0830528206039444e-11,True,0,2,[],
46,2,247.70698549471513,247.70698549471513,1.0,90.0,0.0,False,True,False,False,0,0.0,1.0280272002851767e-11,True,0,2,[],
47,2,152.72542999071223,152.72542999071223,1.0,90.0,0.0,False,True,False,False,0,0.0,1.0280272002851767e-11,True,0,2,[],
48,2,131.0174803014961,131.0174803014961,1.0,0.0,0.0,True,False,False,False,0,0.0,9.048781216517677e-12,True,0,2,[],
49,2,133.81436320085186,133.81436320085186,1.0,0.0,0.0,True,False,False,False,0,0.0,1.0280272002851767e-11,True,0,2,[],
50,3,139.8187909506437,139.8187909506437,1.0,179.99999999999991,8.526512829121202e-14,False,False,True,True,1,0.0,1.2267216527506566e-11,True,1,2,[],
51,2,119.71296881121816,119.71296881121816,1.0,0.0,0.0,True,False,False,False,0,0.0,1.0833275162952616e-11,True,0,2,[],
52,2,131.0174803014961,131.0174803014961,1.0,0.0,0.0,True,False,False,False,0,0.0,1.0833275162952616e-11,True,0,2,[],
53,2,133.81436320085186,133.81436320085186,1.0,0.0,0.0,True,False,False,False,0,0.0,1.0833275162952616e-11,True,0,2,[],
54,3,139.8187909506437,139.8187909506437,1.0,4.65872715916751e-14,4.65872715916751e-14,False,False,True,True,1,0.0,1.2267216527506566e-11,True,1,2,[],
55,2,113.8986951274328,113.8986951274328,1.0,90.0,0.0,False,True,False,False,0,0.0,1.686187617719133e-11,True,0,2,[],
56,2,187.848439289446,187.848439289446,1.0,90.0,0.0,False,True,False,False,0,0.0,1.5243278368484295e-11,True,0,2,[],
57,2,122.47794810329083,122.47794810329083,1.0,90.00000000002403,2.4030555323406588e-11,False,False,True,False,0,0.0,1.2573791489264535e-11,True,0,2,[],
58,2,125.57259800327063,125.57259800327063,1.0,90.0,0.0,False,True,False,False,0,0.0,1.2267216527506566e-11,True,0,2,[],
59,2,398.79952145392997,398.79952145392997,1.0,90.0,0.0,False,True,False,False,0,0.0,1.2267216527506566e-11,True,0,2,[],
60,2,3.4339940432433025,3.4339940432433025,1.0,90.0,0.0,False,True,False,False,0,0.0,1.2267216527506566e-11,True,0,2,[],
61,2,111.31569909355414,111.31569909355414,1.0,90.0,0.0,False,True,False,False,0,0.0,1.2267216527506566e-11,True,0,2,[],
62,2,69.93270701808102,69.93270701808102,1.0,0.0,0.0,True,False,False,False,0,0.0,5.50397345842323e-12,True,0,2,[],
63,2,427.4232604121695,427.4232604121695,1.0,0.0,0.0,True,False,False,False,0,0.0,8.378655528597188e-12,True,0,2,[],
64,2,133.81436320085186,133.81436320085186,1.0,0.0,0.0,True,False,False,False,0,0.0,1.0280272002851767e-11,True,0,2,[],
65,2,133.81436320085186,133.81436320085186,1.0,5.4001247917767614e-12,5.4001247917767614e-12,False,False,True,False,0,0.0,1.0280272002851767e-11,True,0,2,[],
66,2,139.8187909506437,139.8187909506437,1.0,0.0,0.0,True,False,False,False,0,0.0,1.2267216527506566e-11,True,0,2,[],
67,2,120.7136211130371,120.7136211130371,1.0,0.0,0.0,True,False,False,False,0,0.0,1.3982660259289877e-11,True,0,2,[],
68,2,118.3854895583006,118.3854895583006,1.0,0.0,0.0,True,False,False,False,0,0.0,1.394957552000764e-11,True,0,2,[],
69,2,76.712151028913,76.712151028913,1.0,0.0,0.0,True,False,False,False,0,0.0,1.2573791489264535e-11,True,0,2,[],
70,2,94.78214678947268,94.78214678947268,1.0,90.0,0.0,False,True,False,False,0,0.0,8.378655528597188e-12,True,0,2,[],
71,2,94.78214678948527,94.78214678948527,1.0,90.0,0.0,False,True,False,False,0,0.0,1.2267216527506566e-11,True,0,2,[],
72,2,0.06441521811450457,0.06441521811450457,1.0,90.0,0.0,False,True,False,False,0,0.0,1.0280272002851767e-11,True,0,2,[],
73,2,95.62574536292493,95.62574536292493,1.0,89.99999999999157,8.427036846114788e-12,False,False,True,False,0,0.0,1.3932715063649962e-11,True,0,2,[],
74,2,0.19329990829010057,0.19329990829010057,1.0,90.0,0.0,False,True,False,False,0,0.0,1.0833275162952616e-11,True,0,2,[],
75,3,125.57259800327029,125.57259800327029,1.0,90.0,0.0,False,True,False,True,1,0.0,1.0833275162952616e-11,True,1,2,[],
76,2,1.736684793631639,1.736684793631639,1.0,90.0,0.0,False,True,False,False,0,0.0,1.0280272002851767e-11,True,0,2,[],
