temporary_node_id,x,y,degree,incident_source_fids,incident_edge_count
tmp_node_001,15.527348985462112,884.8019166513449,1,[69],1
tmp_node_002,92.23950001437511,884.8019166513449,3,"[1,36,69]",3
tmp_node_003,92.23950001437512,636.7513705447836,3,"[36,37,40]",3
tmp_node_004,92.23950001437514,387.3077002564369,3,"[37,38,62]",3
tmp_node_005,92.23950001437517,26.243942854079023,1,[38],1
tmp_node_006,162.17220703245607,1187.5352455266075,1,[32],1
tmp_node_007,162.1722070324561,884.8019166513449,4,"[1,2,32,33]",4
tmp_node_008,162.17220703245613,636.7513705447836,4,"[33,34,39,40]",4
tmp_node_009,162.17220703245616,387.3077002564369,4,"[34,35,62,63]",4
tmp_node_010,162.17220703245619,139.73570825812487,2,"[35,42]",2
tmp_node_011,338.8650183319114,636.7513705447836,3,"[27,39,41]",3
tmp_node_012,338.8650183319114,762.3239685480539,3,"[26,27,51]",3
tmp_node_013,338.8650183319114,884.8019166513449,4,"[2,3,26,73]",4
tmp_node_014,338.86501833192546,980.4276620142698,3,"[12,13,73]",3
tmp_node_015,338.86501833193904,1072.6503559407909,2,"[8,12]",2
tmp_node_016,458.5779871431296,636.7513705447836,3,"[41,48,75]",3
tmp_node_017,458.5779871431296,762.3239685480539,4,"[31,51,52,75]",4
tmp_node_018,458.5779871431296,762.8344262635142,2,"[30,31]",2
tmp_node_019,458.5779871431296,884.8019166513446,4,"[3,4,29,30]",4
tmp_node_020,458.57798714315663,980.4276620142698,4,"[13,14,28,29]",4
tmp_node_021,458.57798714315663,1072.6503559407909,3,"[8,9,28]",3
tmp_node_022,589.5954674446257,24.20211199224474,1,[25],1
tmp_node_023,589.5954674446257,139.73570825812487,4,"[25,42,43,70]",4
tmp_node_024,589.5954674446257,234.51785504759755,3,"[24,65,70]",3
tmp_node_025,589.5954674446257,387.3077002564369,4,"[23,24,63,64]",4
tmp_node_026,589.5954674446257,636.7513705447836,4,"[22,23,48,49]",4
tmp_node_027,589.5954674446257,762.3239685480539,4,"[21,22,52,53]",4
tmp_node_028,589.5954674446257,884.8019166513448,4,"[4,5,20,21]",4
tmp_node_029,589.5954674446693,980.4276620142698,4,"[14,15,19,20]",4
tmp_node_030,589.5954674446693,1072.6503559407909,4,"[9,10,18,19]",4
tmp_node_031,589.5954674446693,1183.1112786592844,1,[18],1
tmp_node_032,723.4098306454775,234.51785504761014,3,"[47,65,66]",3
tmp_node_033,723.4098306454775,387.24328503832237,2,"[47,72]",2
tmp_node_034,723.4098306454775,387.3077002564369,3,"[46,64,72]",3
tmp_node_035,723.4098306454775,635.014685751152,2,"[46,76]",2
tmp_node_036,723.4098306454775,636.7513705447836,4,"[45,49,50,76]",4
tmp_node_037,723.4098306454775,762.1306686397638,2,"[45,74]",2
tmp_node_038,723.4098306454775,762.3239685480539,4,"[44,53,54,74]",4
tmp_node_039,723.4098306454775,884.8019166513449,4,"[5,6,17,44]",4
tmp_node_040,723.4098306454775,980.4276620142698,3,"[15,16,17]",3
tmp_node_041,723.4098306454775,1072.6503559407909,3,"[10,11,16]",3
tmp_node_042,863.2286215960698,884.8019166513449,4,"[6,7,56,57]",4
tmp_node_043,863.2286215960698,1072.6503559407909,3,"[11,55,56]",3
tmp_node_044,863.2286215960698,1186.5490510682237,1,[55],1
tmp_node_045,863.2286215961212,28.42000916457073,1,[61],1
tmp_node_046,863.2286215961212,139.73570825812487,4,"[43,61,68,71]",4
tmp_node_047,863.2286215961212,234.51785504761014,4,"[60,66,67,71]",4
tmp_node_048,863.2286215961212,237.95184909085344,2,"[59,60]",2
tmp_node_049,863.2286215961212,636.7513705447834,3,"[50,58,59]",3
tmp_node_050,863.2286215961212,762.323968548054,3,"[54,57,58]",3
tmp_node_051,978.638688375702,884.8019166513449,1,[7],1
tmp_node_052,981.6141111544218,139.73570825812487,1,[68],1
tmp_node_053,983.9422427091583,234.51785504761014,1,[67],1
