check,status,expected,observed,details
node_count,PASS,46,46,
node_id_set,PASS,"[""N001"",""N002"",""N003"",""N004"",""N005"",""N006"",""N007"",""N008"",""N009"",""N010"",""N011"",""N012"",""N013"",""N014"",""N015"",""N016"",""N017"",""N018"",""N019"",""N020"",""N021"",""N022"",""N023"",""N024"",""N025"",""N026"",""N027"",""N028"",""N029"",""N030"",""N031"",""N032"",""N033"",""N034"",""N035"",""N036"",""N037"",""N038"",""N039"",""N040"",""N041"",""N042"",""N043"",""N044"",""N045"",""N046""]","[""N001"",""N002"",""N003"",""N004"",""N005"",""N006"",""N007"",""N008"",""N009"",""N010"",""N011"",""N012"",""N013"",""N014"",""N015"",""N016"",""N017"",""N018"",""N019"",""N020"",""N021"",""N022"",""N023"",""N024"",""N025"",""N026"",""N027"",""N028"",""N029"",""N030"",""N031"",""N032"",""N033"",""N034"",""N035"",""N036"",""N037"",""N038"",""N039"",""N040"",""N041"",""N042"",""N043"",""N044"",""N045"",""N046""]",missing=[]; extra=[]; duplicates=[]
edge_count,PASS,69,69,
edge_id_set,PASS,"[""E001"",""E002"",""E003"",""E004"",""E005"",""E006"",""E007"",""E008"",""E009"",""E010"",""E011"",""E012"",""E013"",""E014"",""E015"",""E016"",""E017"",""E018"",""E019"",""E020"",""E021"",""E022"",""E023"",""E024"",""E025"",""E026"",""E027"",""E028"",""E029"",""E030"",""E031"",""E032"",""E033"",""E034"",""E035"",""E036"",""E037"",""E038"",""E039"",""E040"",""E041"",""E042"",""E043"",""E044"",""E045"",""E046"",""E047"",""E048"",""E049"",""E050"",""E051"",""E052"",""E053"",""E054"",""E055"",""E056"",""E057"",""E058"",""E059"",""E060"",""E061"",""E062"",""E063"",""E064"",""E065"",""E066"",""E067"",""E068"",""E069""]","[""E001"",""E002"",""E003"",""E004"",""E005"",""E006"",""E007"",""E008"",""E009"",""E010"",""E011"",""E012"",""E013"",""E014"",""E015"",""E016"",""E017"",""E018"",""E019"",""E020"",""E021"",""E022"",""E023"",""E024"",""E025"",""E026"",""E027"",""E028"",""E029"",""E030"",""E031"",""E032"",""E033"",""E034"",""E035"",""E036"",""E037"",""E038"",""E039"",""E040"",""E041"",""E042"",""E043"",""E044"",""E045"",""E046"",""E047"",""E048"",""E049"",""E050"",""E051"",""E052"",""E053"",""E054"",""E055"",""E056"",""E057"",""E058"",""E059"",""E060"",""E061"",""E062"",""E063"",""E064"",""E065"",""E066"",""E067"",""E068"",""E069""]",missing=[]; extra=[]; duplicates=[]
normalized_u_v_key_set,PASS,"[[""N001"",""N014"",0],[""N002"",""N007"",0],[""N003"",""N005"",0],[""N004"",""N005"",0],[""N004"",""N008"",0],[""N004"",""N009"",0],[""N005"",""N006"",0],[""N005"",""N010"",0],[""N006"",""N007"",0],[""N006"",""N011"",0],[""N007"",""N017"",0],[""N008"",""N009"",0],[""N008"",""N015"",0],[""N009"",""N010"",0],[""N009"",""N020"",0],[""N010"",""N011"",0],[""N010"",""N019"",0],[""N011"",""N016"",0],[""N012"",""N013"",0],[""N013"",""N014"",0],[""N013"",""N026"",0],[""N014"",""N015"",0],[""N014"",""N027"",0],[""N015"",""N020"",0],[""N015"",""N022"",0],[""N016"",""N017"",0],[""N016"",""N019"",0],[""N016"",""N025"",0],[""N017"",""N018"",0],[""N017"",""N021"",0],[""N019"",""N020"",0],[""N019"",""N024"",0],[""N020"",""N023"",0],[""N021"",""N025"",0],[""N021"",""N032"",0],[""N022"",""N023"",0],[""N022"",""N028"",0],[""N023"",""N024"",0],[""N023"",""N029"",0],[""N024"",""N025"",0],[""N024"",""N030"",0],[""N025"",""N031"",0],[""N026"",""N027"",0],[""N026"",""N033"",0],[""N027"",""N028"",0],[""N027"",""N034"",0],[""N028"",""N029"",0],[""N029"",""N030"",0],[""N030"",""N031"",0],[""N030"",""N035"",0],[""N031"",""N032"",0],[""N031"",""N036"",0],[""N032"",""N038"",0],[""N033"",""N034"",0],[""N033"",""N045"",0],[""N034"",""N035"",0],[""N034"",""N041"",0],[""N035"",""N036"",0],[""N035"",""N040"",0],[""N036"",""N037"",0],[""N037"",""N038"",0],[""N037"",""N040"",0],[""N038"",""N039"",0],[""N038"",""N042"",0],[""N040"",""N041"",0],[""N041"",""N042"",0],[""N041"",""N046"",0],[""N042"",""N043"",0],[""N042"",""N044"",0]]","[[""N001"",""N014"",0],[""N002"",""N007"",0],[""N003"",""N005"",0],[""N004"",""N005"",0],[""N004"",""N008"",0],[""N004"",""N009"",0],[""N005"",""N006"",0],[""N005"",""N010"",0],[""N006"",""N007"",0],[""N006"",""N011"",0],[""N007"",""N017"",0],[""N008"",""N009"",0],[""N008"",""N015"",0],[""N009"",""N010"",0],[""N009"",""N020"",0],[""N010"",""N011"",0],[""N010"",""N019"",0],[""N011"",""N016"",0],[""N012"",""N013"",0],[""N013"",""N014"",0],[""N013"",""N026"",0],[""N014"",""N015"",0],[""N014"",""N027"",0],[""N015"",""N020"",0],[""N015"",""N022"",0],[""N016"",""N017"",0],[""N016"",""N019"",0],[""N016"",""N025"",0],[""N017"",""N018"",0],[""N017"",""N021"",0],[""N019"",""N020"",0],[""N019"",""N024"",0],[""N020"",""N023"",0],[""N021"",""N025"",0],[""N021"",""N032"",0],[""N022"",""N023"",0],[""N022"",""N028"",0],[""N023"",""N024"",0],[""N023"",""N029"",0],[""N024"",""N025"",0],[""N024"",""N030"",0],[""N025"",""N031"",0],[""N026"",""N027"",0],[""N026"",""N033"",0],[""N027"",""N028"",0],[""N027"",""N034"",0],[""N028"",""N029"",0],[""N029"",""N030"",0],[""N030"",""N031"",0],[""N030"",""N035"",0],[""N031"",""N032"",0],[""N031"",""N036"",0],[""N032"",""N038"",0],[""N033"",""N034"",0],[""N033"",""N045"",0],[""N034"",""N035"",0],[""N034"",""N041"",0],[""N035"",""N036"",0],[""N035"",""N040"",0],[""N036"",""N037"",0],[""N037"",""N038"",0],[""N037"",""N040"",0],[""N038"",""N039"",0],[""N038"",""N042"",0],[""N040"",""N041"",0],[""N041"",""N042"",0],[""N041"",""N046"",0],[""N042"",""N043"",0],[""N042"",""N044"",0]]",missing=[]; extra=[]; duplicates=[]
component_count,PASS,1,1,
degree_distribution,PASS,"{""1"":10,""3"":16,""4"":20}","{""1"":10,""3"":16,""4"":20}",
degree2_node_count,PASS,0,0,
self_loops,PASS,[],[],
parallel_edge_pairs,PASS,[],[],
topology_signature_sha256,PASS,"""4AF93910532EB430103267DAECF73B3ADC3B3D1599471EDF6B1632B6C5F898CB""","""4AF93910532EB430103267DAECF73B3ADC3B3D1599471EDF6B1632B6C5F898CB""",
