node_id,x,y,degree,geometry_wkt
N001,162.17220703245607,1187.5352455266075,1,POINT (162.17220703245607 1187.5352455266075)
N002,863.2286215960698,1186.5490510682237,1,POINT (863.2286215960698 1186.5490510682237)
N003,589.5954674446693,1183.1112786592844,1,POINT (589.5954674446693 1183.1112786592844)
N004,458.57798714315663,1072.6503559407909,3,POINT (458.57798714315663 1072.6503559407909)
N005,589.5954674446693,1072.6503559407909,4,POINT (589.5954674446693 1072.6503559407909)
N006,723.4098306454775,1072.6503559407909,3,POINT (723.4098306454775 1072.6503559407909)
N007,863.2286215960698,1072.6503559407909,3,POINT (863.2286215960698 1072.6503559407909)
N008,338.86501833192546,980.4276620142698,3,POINT (338.86501833192546 980.4276620142698)
N009,458.57798714315663,980.4276620142698,4,POINT (458.57798714315663 980.4276620142698)
N010,589.5954674446693,980.4276620142698,4,POINT (589.5954674446693 980.4276620142698)
N011,723.4098306454775,980.4276620142698,3,POINT (723.4098306454775 980.4276620142698)
N012,15.527348985462112,884.8019166513449,1,POINT (15.527348985462112 884.8019166513449)
N013,92.23950001437511,884.8019166513449,3,POINT (92.23950001437511 884.8019166513449)
N014,162.1722070324561,884.8019166513449,4,POINT (162.1722070324561 884.8019166513449)
N015,338.8650183319114,884.8019166513449,4,POINT (338.8650183319114 884.8019166513449)
N016,723.4098306454775,884.8019166513449,4,POINT (723.4098306454775 884.8019166513449)
N017,863.2286215960698,884.8019166513449,4,POINT (863.2286215960698 884.8019166513449)
N018,978.638688375702,884.8019166513449,1,POINT (978.638688375702 884.8019166513449)
N019,589.5954674446257,884.8019166513448,4,POINT (589.5954674446257 884.8019166513448)
N020,458.5779871431296,884.8019166513446,4,POINT (458.5779871431296 884.8019166513446)
N021,863.2286215961212,762.323968548054,3,POINT (863.2286215961212 762.323968548054)
N022,338.8650183319114,762.3239685480539,3,POINT (338.8650183319114 762.3239685480539)
N023,458.5779871431296,762.3239685480539,4,POINT (458.5779871431296 762.3239685480539)
N024,589.5954674446257,762.3239685480539,4,POINT (589.5954674446257 762.3239685480539)
N025,723.4098306454775,762.3239685480539,4,POINT (723.4098306454775 762.3239685480539)
N026,92.23950001437512,636.7513705447836,3,POINT (92.23950001437512 636.7513705447836)
N027,162.17220703245613,636.7513705447836,4,POINT (162.17220703245613 636.7513705447836)
N028,338.8650183319114,636.7513705447836,3,POINT (338.8650183319114 636.7513705447836)
N029,458.5779871431296,636.7513705447836,3,POINT (458.5779871431296 636.7513705447836)
N030,589.5954674446257,636.7513705447836,4,POINT (589.5954674446257 636.7513705447836)
N031,723.4098306454775,636.7513705447836,4,POINT (723.4098306454775 636.7513705447836)
N032,863.2286215961212,636.7513705447834,3,POINT (863.2286215961212 636.7513705447834)
N033,92.23950001437514,387.3077002564369,3,POINT (92.23950001437514 387.3077002564369)
N034,162.17220703245616,387.3077002564369,4,POINT (162.17220703245616 387.3077002564369)
N035,589.5954674446257,387.3077002564369,4,POINT (589.5954674446257 387.3077002564369)
N036,723.4098306454775,387.3077002564369,3,POINT (723.4098306454775 387.3077002564369)
N037,723.4098306454775,234.51785504761014,3,POINT (723.4098306454775 234.51785504761014)
N038,863.2286215961212,234.51785504761014,4,POINT (863.2286215961212 234.51785504761014)
N039,983.9422427091583,234.51785504761014,1,POINT (983.9422427091583 234.51785504761014)
N040,589.5954674446257,234.51785504759755,3,POINT (589.5954674446257 234.51785504759755)
N041,589.5954674446257,139.73570825812487,4,POINT (589.5954674446257 139.73570825812487)
N042,863.2286215961212,139.73570825812487,4,POINT (863.2286215961212 139.73570825812487)
N043,981.6141111544218,139.73570825812487,1,POINT (981.6141111544218 139.73570825812487)
N044,863.2286215961212,28.42000916457073,1,POINT (863.2286215961212 28.42000916457073)
N045,92.23950001437517,26.243942854079023,1,POINT (92.23950001437517 26.243942854079023)
N046,589.5954674446257,24.20211199224474,1,POINT (589.5954674446257 24.20211199224474)
