edge_id,segment_index,segment_length_local,segment_orientation_deg
E001,0,305.12415057386363,174.24117275174393
E002,0,52.66684776722742,168.75459916572038
E002,1,39.430710282552695,29.957039783424335
E003,0,108.74617729732151,13.955826242302493
E004,0,41.529297253186215,74.0604199815987
E004,1,46.09743472870939,90.7051099296978
E005,1,46.551782844167086,65.71010804294764
E005,2,35.09702280320943,60.52411099675395
E005,3,68.28243078987435,37.09283729704154
E006,0,83.52439566902613,10.020679589054168
E007,0,50.95547049527802,88.30365420079924
E007,1,58.34017632627845,104.34933204294714
E007,2,50.05167609775247,119.93151184050777
E008,0,45.98352619228459,2.8113229971924625
E008,1,45.112504502462414,153.61646487742908
E009,0,50.435301800381524,46.319945693921824
E009,1,85.77040343593903,74.89890183861468
E009,2,49.668580187300044,83.52296870121558
E010,0,35.513710849539976,128.9909940425055
E010,1,39.91168697856918,162.7585406010601
E011,0,31.90556875198729,168.22422681769655
E011,1,52.679445461971085,3.5763343749974297
E011,2,44.998540730268346,173.29016319224294
E011,3,30.674449564887784,26.56043780460604
E012,0,49.79442579585898,99.2110265408166
E012,1,53.14182739651751,71.79151552941948
E013,0,23.323520760494,19.983106521899742
E013,1,26.89889842218035,20.22485943116814
E013,2,37.78477386230151,10.124671655397748
E014,0,61.1408080406521,88.13232116056558
E014,1,57.44039068032554,85.2530771779256
E015,0,87.48258046300535,20.969402047911046
E016,0,102.67681279179398,81.2853227135478
E016,1,76.15708190680782,111.25050550713328
E017,0,40.73300721855238,146.5318854087842
E017,1,35.76939296064377,164.9315118405077
E017,2,35.91409814710632,8.313572222256482
E018,0,36.615543500190505,158.96248897457815
E019,0,27.3865314475742,104.0362434679264
E019,1,22.161998583817443,160.7504741273182
E019,2,27.905186265245025,91.36392753160304
E019,3,27.468969708218122,104.70830389968256
E020,0,14.369296208831923,56.30993247402041
E020,1,12.288087616097036,71.07535558394838
E020,2,14.870985963503017,66.29735404903367
E020,3,15.280691371173738,42.357454705935375
E020,4,18.702562795836695,119.99984958924213
E021,0,176.2634801337185,7.097882699128576
E021,1,152.19960370337532,177.3741257431787
E022,0,68.41822892239968,86.9079778211999
E022,1,67.63311931814316,106.24090370275393
E022,2,49.01302564114517,63.43494882292225
E023,0,49.04266422845482,175.4248389839669
E023,1,131.1934212537351,177.46802453340547
E023,2,45.16702475105933,0.0
E024,0,92.92762983630723,83.01419503033023
E025,0,58.284449050470826,177.0957821502515
E025,1,68.37212407991817,160.49588145163165
E026,0,52.70701955409976,80.9877559186774
E026,1,59.15862705778765,96.5772741217789
E027,0,47.628509123286584,50.59933933652053
E027,1,55.920869012732005,66.44773632710532
E027,2,71.17321881801527,85.76360520094116
E028,0,25.888244818113677,164.56662138081865
E028,1,83.03027586898259,0.45835645800039515
E028,2,49.22410575874334,3.094058058917085
E029,0,34.06030376645964,109.44415751257249
E029,1,48.20540838780873,78.99645914825034
E029,2,20.200923249339997,117.65093103155353
E030,0,158.1181731614992,178.1034816967907
E031,0,52.57850171413555,105.76097678862043
E031,1,55.046246948407315,81.67434966957322
E031,2,71.7669605367777,97.45333575634241
E032,0,81.87013372182906,3.5818494235686558
E033,0,60.873291975805145,139.81620296213845
E033,1,31.882605706630102,0.0
E033,2,27.928891652160694,64.65382405805325
E033,3,51.304159403167944,165.2766628042949
E033,4,0.5104577154602339,0.0
E034,0,28.616659652659308,79.46371758325371
E034,1,49.834280827555034,88.4724745577872
E034,2,35.052998207505404,99.81930063875765
E035,0,143.44786020968237,179.85514086297778
E036,0,93.76016943217722,93.98381201583743
E037,0,75.52168779821257,156.58305460477473
E037,1,50.49826884239207,125.36246188706909
E038,0,44.046753190729824,61.66713571617776
E038,1,29.971015461296666,102.80426606528668
E038,2,32.81009471218818,68.62937773065697
E038,3,24.49525839388464,12.528807709151712
E038,4,19.02039348077182,65.22485943116791
E038,5,27.35461473145757,123.14618773114073
E039,0,34.973511177389305,3.9538301575541936
E039,1,40.750916281288866,160.97439396243135
E039,2,54.48231618454979,135.00000000000006
E040,0,48.31132494241767,52.260934058235506
E040,1,33.63346264838988,80.90972307917774
E040,2,22.268744196021935,72.64597536373756
E040,3,23.200240462361133,103.24051991518742
E040,4,36.25940747781935,171.57303097851917
E040,5,50.454566308163045,110.82089285331108
E041,0,169.2179830756177,4.412662209097192
E042,0,29.660273260705864,34.04593735660188
E042,1,51.041393400354565,18.199165053045384
E042,2,28.180508371318854,8.130102354155913
E043,0,103.29745274230659,29.58990779146205
E043,1,48.99051678776933,49.398705354995506
E044,0,53.548874132785045,25.500161587982888
E044,1,151.46568131177142,178.99491399474581
E044,2,98.50197408353122,169.9024956159247
E044,3,47.33192197844785,126.82368732195376
E045,0,34.0284383664246,130.82310347498347
E045,1,44.76758005695038,86.63353933657012
E045,2,120.50456052332432,103.88466768525818
E045,3,53.14753267271979,60.77326317562567
E045,4,45.127936016128885,42.6140559696113
E046,0,89.40542019780854,176.97398962114696
E046,1,157.08298255410517,174.71875937155488
E046,2,45.671137361840884,163.55867016430105
E047,0,41.58680963491118,116.56505117707809
E047,1,34.565027034358216,92.20259816176579
E048,0,82.75044223894032,99.48240301253254
E049,0,58.20181326804638,81.52958748294607
E049,1,37.097492259490664,71.40455921724445
E049,2,33.22324155001534,62.87197139642977
E049,3,26.34370971619184,56.30993247402008
E050,0,27.423225271586784,149.2335857944726
E050,1,37.59748758464356,32.00538320808346
E050,2,228.10886680527003,176.9333967559653
E050,3,38.67353287942577,165.38104027824693
E051,0,64.69482667483373,73.04014244870622
E051,1,53.95535780578201,145.92280471986916
E051,2,59.487721057740714,105.68642321481755
E052,0,45.171908464621886,143.9726266148964
E052,1,223.27706047177043,178.29527168099273
E052,2,37.00610929752584,21.03751102542185
E052,3,29.135005521946375,133.15238973400542
E053,0,80.62487047604375,161.78067611595344
E053,1,237.2504441129302,176.7666182584103
E053,2,59.09273331502605,13.088294182353536
E054,0,88.99972586884493,32.735919742538805
E054,1,40.642507160572826,11.309932474020151
E054,2,51.79557582942616,34.64847863784618
E055,0,57.256113185059235,145.7949531434624
E055,1,149.91019429976578,172.05651276142672
E056,0,37.47616591397702,66.59534204693684
E056,1,57.38469430714435,69.9047688080952
E056,2,158.54450567704146,101.96205139766624
E056,3,167.84548881907457,109.42593523908538
E057,0,89.81092532355582,146.04297496257553
E057,1,86.44257197437577,134.38394009160075
E057,2,117.89561398107527,120.85420450589699
E057,3,118.8588771470372,100.19150185002773
E057,4,92.51211637387313,94.79895869519522
E058,0,40.45446738326459,127.0180828615496
E058,1,51.26243496695972,67.3801350519596
E058,2,59.84840417690932,42.664532729093345
E058,3,52.09796195795123,70.64100582430581
E059,0,89.04117737204645,173.6598082540901
E060,0,26.167270829610505,113.96248897457815
E060,1,62.98902232942062,165.96375653207355
E060,2,76.29339338851793,8.944352129246852
E061,0,73.96504120055951,72.63637624114278
E061,1,44.16534174291582,53.47114463301486
E062,0,186.83645910347465,90.60309119438055
E063,0,43.056079795352964,121.26373169437733
E063,1,39.06280050288421,106.01338153735895
E064,0,121.14833267690784,178.90059695634366
E065,0,82.32713018381249,172.4505782317367
E066,0,90.31303227594285,93.01324291599366
E066,1,141.95751221619605,90.0
E066,2,53.550746449704725,77.45612831578723
E067,0,123.91959395354799,1.1366718775989284
E068,0,45.13766181071348,110.18355729279072
E068,1,31.655459435581317,94.76364169072627
E069,0,39.09080989386005,36.688242117933726
E069,1,65.7342133703967,1.1457628381750737
E069,2,36.450021952308106,25.641005824305296
