edge_id,u,v,key,length_local,betweenness_unweighted,betweenness_length,is_bridge
E001,N001,N014,0,305.1241505738637,0.043478260869565216,0.043478260869565216,True
E002,N002,N007,0,92.0975580497801,0.043478260869565216,0.043478260869565216,True
E003,N003,N005,0,108.74617729732151,0.043478260869565216,0.043478260869565216,True
E004,N004,N005,0,87.6267319818956,0.06285107446276861,0.09855072463768115,False
E005,N004,N008,0,149.93123643725087,0.062511958306561,0.07246376811594203,False
E006,N004,N009,0,83.52439566902613,0.014726684276909168,0.015458937198067632,False
E007,N005,N006,0,159.34732291930894,0.061951458133367165,0.09565217391304348,False
E008,N005,N010,0,91.09603069474701,0.03749880350829874,0.028019323671497585,False
E009,N006,N007,0,185.87428542362062,0.057838699697770155,0.03864734299516908,False
E010,N006,N011,0,75.42539782810915,0.02057085214006753,0.06956521739130435,False
E011,N007,N017,0,160.25800450911453,0.09753274156572508,0.0463768115942029,False
E012,N008,N009,0,102.9362531923765,0.02166781688520819,0.00966183574879227,False
E013,N008,N015,0,88.00719304497585,0.09608683753361412,0.09468599033816424,False
E014,N009,N010,0,118.58119872097764,0.03274918792344289,0.04734299516908212,False
E015,N009,N020,0,87.48258046300535,0.041133235943988454,0.05217391304347826,False
E016,N010,N011,0,178.8338946986018,0.029484815388311013,0.043478260869565216,False
E017,N010,N019,0,112.41649832630247,0.06609482238956971,0.03671497584541063,False
E018,N011,N016,0,36.615543500190505,0.04697844952362429,0.1178743961352657,False
E019,N012,N013,0,104.92268600485478,0.043478260869565216,0.043478260869565216,True
E020,N013,N014,0,75.5116239554424,0.0716581271653735,0.07922705314009662,False
E021,N013,N026,0,328.46308383709385,0.04213682720929095,0.005797101449275362,False
E022,N014,N015,0,185.06437388168803,0.1688370100663954,0.20096618357487922,False
E023,N014,N027,0,225.40311023324927,0.12670018285710438,0.11014492753623188,False
E024,N015,N020,0,92.92762983630723,0.08811019093627792,0.09758454106280193,False
E025,N015,N022,0,126.65657313038899,0.030749942489072923,0.09855072463768115,False
E026,N016,N017,0,111.8656466118874,0.07571245673839112,0.14782608695652175,False
E027,N016,N019,0,174.72259695403386,0.08372666063110311,0.05603864734299517,False
E028,N016,N025,0,158.1426264458396,0.07275279450981072,0.08888888888888889,False
E029,N017,N018,0,102.46663540360838,0.043478260869565216,0.043478260869565216,True
E030,N017,N021,0,158.11817316149916,0.10401277747749246,0.08599033816425121,False
E031,N019,N020,0,179.39170919932056,0.0822179476956036,0.05990338164251208,False
E032,N019,N024,0,81.87013372182906,0.08522103008899085,0.08599033816425121,False
E033,N020,N023,0,172.4994064532241,0.04084190430543568,0.027053140096618356,False
E034,N021,N025,0,113.50393868771974,0.05005566134026671,0.0357487922705314,False
E035,N021,N032,0,143.4478602096824,0.10716100127093543,0.09178743961352656,False
E036,N022,N023,0,93.76016943217722,0.03183929502343825,0.014492753623188406,False
E037,N022,N028,0,126.01995664060465,0.03042611882765336,0.09855072463768115,False
E038,N023,N024,0,177.6981299703287,0.05416237536968966,0.01932367149758454,False
E039,N023,N029,0,130.20674364322798,0.03261078485421423,0.042512077294685986,False
E040,N024,N025,0,214.12774603517303,0.06426765061854638,0.028985507246376812,False
E041,N024,N030,0,169.21798307561767,0.09441326860482607,0.050241545893719805,False
E042,N025,N031,0,108.88217503237928,0.07379819318756974,0.10821256038647342,False
E043,N026,N027,0,152.2879695300759,0.04587888793344892,0.03961352657004831,False
E044,N026,N033,0,350.8484515065355,0.038233247917817396,0.005797101449275362,False
E045,N027,N028,0,297.576047635548,0.04961258075068818,0.04830917874396135,False
E046,N027,N034,0,292.1595401137546,0.14029379504832953,0.12753623188405797,False
E047,N028,N029,0,76.15183666926939,0.036853464807429,0.14782608695652175,False
E048,N029,N030,0,82.75044223894032,0.05063798924970507,0.1893719806763285,False
E049,N030,N031,0,154.86625679374424,0.06387453315956558,0.1429951690821256,False
E050,N030,N035,0,331.8031125409261,0.10905521733049148,0.1497584541062802,False
E051,N031,N032,0,178.13790553835645,0.059144215175533865,0.04734299516908212,False
E052,N031,N036,0,334.5900837558645,0.05102005265717528,0.03671497584541063,False
E053,N032,N038,0,376.96804790400006,0.12389059813244782,0.11304347826086956,False
E054,N033,N034,0,181.4378088588439,0.08053061775141913,0.07922705314009662,False
E055,N033,N045,0,207.16630748482498,0.043478260869565216,0.043478260869565216,True
E056,N034,N035,0,421.2508547172374,0.10918628039802743,0.028985507246376812,False
E057,N034,N041,0,505.5201047999172,0.13343574970658487,0.043478260869565216,False
E058,N035,N036,0,203.6632684850848,0.045914972921910636,0.008695652173913044,False
E059,N035,N040,0,89.04117737204645,0.045966197627866794,0.15169082125603864,False
E060,N036,N037,0,165.44968654754905,0.027122382032427013,0.013526570048309178,False
E061,N037,N038,0,118.13038294347533,0.025999500249875063,0.0357487922705314,False
E062,N037,N040,0,186.83645910347465,0.025586805701748233,0.044444444444444446,False
E063,N038,N039,0,82.11888029823717,0.043478260869565216,0.043478260869565216,True
E064,N038,N042,0,121.14833267690784,0.10433232171510091,0.057971014492753624,False
E065,N040,N041,0,82.3271301838125,0.03362127729194196,0.0966183574879227,False
E066,N041,N042,0,285.82129094184364,0.1121496251845783,0.06666666666666667,False
E067,N041,N046,0,123.91959395354799,0.043478260869565216,0.043478260869565216,True
E068,N042,N043,0,76.79312124629479,0.043478260869565216,0.043478260869565216,True
E069,N042,N044,0,141.27504521656488,0.043478260869565216,0.043478260869565216,True
