edge_id,u,v,key,length_local,vertex_count,geometry_wkt
E001,N001,N014,0,305.1241505738637,2,"LINESTRING (131.55563790868385 1188.3861273055077, 162.1722070324561 884.8019166513449)"
E002,N002,N007,0,92.0975580497801,3,"LINESTRING (892.2523066762041 1188.2494967430766, 902.5229525670493 1136.5938030905743, 882.8332070386099 1102.431033378329)"
E003,N003,N005,0,108.74617729732151,2,"LINESTRING (589.5954674446693 1183.1112786592844, 563.3687443302049 1077.5750760013448)"
E004,N004,N005,0,87.6267319818956,3,"LINESTRING (477.34222856382337 1066.7374372617032, 517.2748002786024 1078.1423592950857, 563.3687443302049 1077.5750760013448)"
E005,N004,N008,0,149.93123643725087,5,"LINESTRING (477.34222856382337 1066.7374372617032, 477.34222856382337 1066.7374372617032, 434.9114022031412 1047.5881954928986, 404.35723840095403 1030.3184507351405, 363.1755393632235 975.8523326529807)"
E006,N004,N009,0,83.52439566902613,2,"LINESTRING (477.34222856382337 1066.7374372617032, 462.8086821964426 984.4872050318595)"
E007,N005,N006,0,159.34732291930894,4,"LINESTRING (563.3687443302049 1077.5750760013448, 614.301883597433 1079.083485024223, 670.8220042020296 1064.6248495207215, 714.1979107125339 1039.6508427419462)"
E008,N005,N010,0,91.09603069474701,3,"LINESTRING (563.3687443302049 1077.5750760013448, 561.1133831252187 1031.6468926395835, 581.160376978994 991.2333293233974)"
E009,N006,N007,0,185.87428542362062,4,"LINESTRING (714.1979107125339 1039.6508427419462, 750.6731048236397 1074.4830100912905, 833.4816536164208 1096.828174051247, 882.8332070386099 1102.431033378329)"
E010,N006,N011,0,75.42539782810915,3,"LINESTRING (714.1979107125339 1039.6508427419462, 741.8007603101277 1017.3056787819894, 753.6305529948106 979.1874579091219)"
E011,N007,N017,0,160.25800450911453,5,"LINESTRING (882.8332070386099 1102.431033378329, 889.3445635163127 1071.1969565677673, 886.0585099927896 1018.6201001913984, 891.3161956304266 973.9297722714848, 877.6003739066131 946.4926060448241)"
E012,N008,N009,0,102.9362531923765,3,"LINESTRING (363.1755393632235 975.8523326529807, 412.32788982761156 967.8816812263233, 462.8086821964426 984.4872050318595)"
E013,N008,N015,0,88.00719304497585,4,"LINESTRING (363.1755393632235 975.8523326529807, 355.204887936566 953.9330412296724, 345.90579460546553 928.6926450452569, 339.263585083251 891.4962717208551)"
E014,N009,N010,0,118.58119872097764,3,"LINESTRING (462.8086821964426 984.4872050318595, 523.9170098008169 986.4798678885242, 581.160376978994 991.2333293233974)"
E015,N009,N020,0,87.48258046300535,2,"LINESTRING (462.8086821964426 984.4872050318595, 431.50134940388534 902.7984493926513)"
E016,N010,N011,0,178.8338946986018,3,"LINESTRING (581.160376978994 991.2333293233974, 682.6517968867126 1006.7903075067156, 753.6305529948106 979.1874579091219)"
E017,N010,N019,0,112.41649832630247,4,"LINESTRING (581.160376978994 991.2333293233974, 603.6235240673922 957.2541459907799, 612.9226173984927 922.714656475264, 607.7297765503869 887.1779592504763)"
E018,N011,N016,0,36.615543500190505,2,"LINESTRING (753.6305529948106 979.1874579091219, 766.7747670889029 945.0125012644821)"
E019,N012,N013,0,104.92268600485478,5,"LINESTRING (10.142103257517704 900.1311440997364, 36.7109413463761 893.4889345775218, 44.01737182081213 872.565974582546, 71.91465181411344 871.9017536303245, 98.48348990297171 864.9274336319993)"
E020,N013,N014,0,75.5116239554424,6,"LINESTRING (98.48348990297171 864.9274336319993, 110.439467042958 872.8980850586568, 122.06333370683355 876.8834107719856, 135.67986322737346 882.8613993419788, 145.9752879868061 894.1531555297436, 162.1722070324561 884.8019166513449)"
E021,N013,N026,0,328.46308383709385,3,"LINESTRING (98.48348990297171 864.9274336319993, 76.7035271490607 690.0147478390928, 83.6764164711646 537.9749563963057)"
E022,N014,N015,0,185.06437388168803,4,"LINESTRING (162.1722070324561 884.8019166513449, 230.49083204993983 888.4923806598856, 295.42500223663455 869.5769802975472, 339.263585083251 891.4962717208551)"
E023,N014,N027,0,225.40311023324927,4,"LINESTRING (162.1722070324561 884.8019166513449, 166.08418298888787 835.9155242835166, 171.87990512344308 704.8501841466252, 171.87990512344308 659.6831593955659)"
E024,N015,N020,0,92.92762983630723,2,"LINESTRING (339.263585083251 891.4962717208551, 431.50134940388534 902.7984493926513)"
E025,N015,N022,0,126.65657313038899,3,"LINESTRING (339.263585083251 891.4962717208551, 342.2166518497238 833.2866814646982, 365.0443686275259 768.8379212135329)"
E026,N016,N017,0,111.8656466118874,3,"LINESTRING (766.7747670889029 945.0125012644821, 818.8311125871448 953.2688202774514, 877.6003739066131 946.4926060448241)"
E027,N016,N019,0,174.72259695403386,4,"LINESTRING (766.7747670889029 945.0125012644821, 729.9709676254447 914.78080884807, 678.708532658485 892.4356448881132, 607.7297765503869 887.1779592504763)"
E028,N016,N025,0,158.1426264458396,4,"LINESTRING (766.7747670889029 945.0125012644821, 773.6640878360859 920.0577726663782, 772.9998668838645 837.0301536386958, 770.3429830749786 787.8778031743077)"
E029,N017,N018,0,102.46663540360838,4,"LINESTRING (877.6003739066131 946.4926060448241, 909.7180953621557 935.1543406939127, 957.0372661008877 944.3552905597774, 974.9310701617536 934.9803731544312)"
E030,N017,N021,0,158.11817316149916,2,"LINESTRING (877.6003739066131 946.4926060448241, 882.8332070386099 788.4610454585206)"
E031,N019,N020,0,179.39170919932056,4,"LINESTRING (607.7297765503869 887.1779592504763, 557.1280574118899 901.4595860041773, 502.6619393297302 893.4889345775198, 431.50134940388534 902.7984493926513)"
E032,N019,N024,0,81.87013372182906,2,"LINESTRING (607.7297765503869 887.1779592504763, 602.6149928201808 805.4677531375103)"
E033,N020,N023,0,172.4994064532241,6,"LINESTRING (431.50134940388534 902.7984493926513, 470.7793336230999 856.2925612531183, 470.7793336230999 824.4099555464882, 445.5389374386844 812.4539784065018, 458.5779871431296 762.8344262635142, 458.5779871431296 762.3239685480539)"
E034,N021,N025,0,113.50393868771974,4,"LINESTRING (882.8332070386099 788.4610454585206, 854.6990440071036 783.2282565087576, 804.8824725904942 781.8998146043148, 770.3429830749786 787.8778031743077)"
E035,N021,N032,0,143.4478602096824,2,"LINESTRING (882.8332070386099 788.4610454585206, 883.1958814149151 645.0136437182543)"
E036,N022,N023,0,93.76016943217722,2,"LINESTRING (365.0443686275259 768.8379212135329, 458.5779871431296 762.3239685480539)"
E037,N022,N028,0,126.01995664060465,3,"LINESTRING (365.0443686275259 768.8379212135329, 395.0581450698536 699.5364165288534, 436.23984410758413 670.3106946311091)"
E038,N023,N024,0,177.6981299703287,7,"LINESTRING (458.5779871431296 762.3239685480539, 497.3481717119583 783.2282565087577, 526.5738936097025 776.5860469865431, 557.1280574118897 788.5420241265293, 562.4418250296615 812.4539784065018, 579.7115697874194 820.4246298331594, 602.6149928201808 805.4677531375103)"
E039,N023,N029,0,130.20674364322798,4,"LINESTRING (458.5779871431296 762.3239685480539, 456.166472674228 727.4336965221546, 469.45089171865715 688.90888129331, 507.97570694750186 650.3840660644652)"
E040,N024,N025,0,214.12774603517303,7,"LINESTRING (602.6149928201808 805.4677531375103, 640.8198973917939 835.0374907820312, 674.0309450028669 840.3512583998029, 695.2860154739535 846.9934679220179, 717.8695278494831 841.6797003042461, 723.1832954672549 805.8117688842874, 770.3429830749786 787.8778031743077)"
E041,N024,N030,0,169.21798307561767,2,"LINESTRING (602.6149928201808 805.4677531375103, 589.5954674446257 636.7513705447836)"
E042,N025,N031,0,108.88217503237928,4,"LINESTRING (733.8108307027983 686.9162184366457, 750.4163545083348 711.4923936688397, 766.3576573616499 759.9805231810063, 770.3429830749786 787.8778031743077)"
E043,N026,N027,0,152.2879695300759,3,"LINESTRING (83.6764164711646 537.9749563963057, 134.68353179904133 627.8005536889358, 171.87990512344308 659.6831593955659)"
E044,N026,N033,0,350.8484515065355,5,"LINESTRING (83.6764164711646 537.9749563963057, 60.622895626348395 489.64259562687425, 63.279779435234275 338.20021852038144, 80.54952419299224 241.22395949604834, 118.43795400826923 212.85535494265685)"
E045,N027,N028,0,297.576047635548,6,"LINESTRING (171.87990512344308 659.6831593955659, 197.63029681470923 637.4378914627239, 242.3206247346228 640.0667342815424, 359.3041301720437 611.1494632745395, 405.68568030539706 637.0996470200363, 436.23984410758413 670.3106946311091)"
E046,N027,N034,0,292.1595401137546,4,"LINESTRING (171.87990512344308 659.6831593955659, 176.59955426416198 570.4023995828536, 191.05818976766344 413.9862518631562, 203.984645984326 370.1826045537957)"
E047,N028,N029,0,76.15183666926939,3,"LINESTRING (436.23984410758413 670.3106946311091, 473.43621743198594 651.7125079689081, 507.97570694750186 650.3840660644652)"
E048,N029,N030,0,82.75044223894032,2,"LINESTRING (507.97570694750186 650.3840660644652, 589.5954674446257 636.7513705447836)"
E049,N030,N031,0,154.86625679374424,5,"LINESTRING (589.5954674446257 636.7513705447836, 647.1624188326635 645.3244199191793, 682.3231915343606 657.1542126038617, 711.8915392794902 672.3033574877736, 733.8108307027983 686.9162184366457)"
E050,N030,N035,0,331.8031125409261,5,"LINESTRING (589.5954674446257 636.7513705447836, 603.6235240673922 613.1876927400637, 583.6968955007484 581.3050870334336, 595.8999838657039 353.52286703033167, 605.6607801477653 316.10136249996674)"
E051,N031,N032,0,178.13790553835645,4,"LINESTRING (733.8108307027983 686.9162184366457, 795.6920380959058 705.7878047520035, 825.923730512318 661.0974768320899, 883.1958814149151 645.0136437182543)"
E052,N031,N036,0,334.5900837558645,5,"LINESTRING (733.8108307027983 686.9162184366457, 760.3796687916567 650.3840660644654, 767.0218783138714 427.2058261180548, 753.7374592694422 392.6663366025389, 774.9925297405289 372.7397080358951)"
E053,N032,N038,0,376.96804790400006,4,"LINESTRING (883.1958814149151 645.0136437182543, 908.4036739527465 568.4307674687396, 921.7853601814716 331.5580089981663, 908.4036739527465 274.0003717610738)"
E054,N033,N034,0,181.4378088588439,4,"LINESTRING (118.43795400826923 212.85535494265685, 166.5661375056717 287.71942615154785, 174.53678893232916 327.5726832848354, 203.984645984326 370.1826045537957)"
E055,N033,N045,0,207.16630748482498,3,"LINESTRING (118.43795400826923 212.85535494265685, 150.62483465235664 165.5027709427991, 171.3418686265251 17.030986221571084)"
E056,N034,N035,0,421.2508547172374,5,"LINESTRING (203.984645984326 370.1826045537957, 238.37736050639515 385.0689808561531, 292.2686382921733 404.7853019972914, 447.3703646024617 371.9247667620608, 605.6607801477653 316.10136249996674)"
E057,N034,N041,0,505.5201047999172,6,"LINESTRING (203.984645984326 370.1826045537957, 254.1504174193061 295.6883250163262, 315.92822366153956 235.22494018350199, 417.1386721860497 174.76155535067778, 534.1221776234705 153.73081280013014, 626.3099816592273 145.9912738579227)"
E058,N035,N036,0,203.6632684850848,5,"LINESTRING (605.6607801477653 316.10136249996674, 637.961468966799 291.74506078809816, 685.280639705531 311.4613819292365, 725.8401792761407 355.4699632781376, 774.9925297405289 372.7397080358951)"
E059,N035,N040,0,89.04117737204645,2,"LINESTRING (605.6607801477653 316.10136249996674, 615.4937332484615 227.60478459370108)"
E060,N036,N037,0,165.44968654754905,4,"LINESTRING (774.9925297405289 372.7397080358951, 798.904484020501 362.11217280035197, 814.1815659215945 301.0038451959777, 802.3198421616889 225.63819397356178)"
E061,N037,N038,0,118.13038294347533,3,"LINESTRING (802.3198421616889 225.63819397356178, 872.9142958986976 247.71194357288937, 908.4036739527465 274.0003717610738)"
E062,N037,N040,0,186.83645910347465,2,"LINESTRING (802.3198421616889 225.63819397356178, 615.4937332484615 227.60478459370108)"
E063,N038,N039,0,82.11888029823717,3,"LINESTRING (908.4036739527465 274.0003717610738, 945.2074734162048 251.65520780111706, 982.7545315594635 240.87927127964105)"
E064,N038,N042,0,121.14833267690784,2,"LINESTRING (908.4036739527465 274.0003717610738, 910.7281500968642 152.87434102841019)"
E065,N040,N041,0,82.3271301838125,2,"LINESTRING (615.4937332484615 227.60478459370108, 626.3099816592273 145.9912738579227)"
E066,N041,N042,0,285.82129094184364,4,"LINESTRING (626.3099816592273 145.9912738579227, 716.498148179 141.24380941074241, 858.4556603951961 141.24380941074241, 910.7281500968642 152.87434102841019)"
E067,N041,N046,0,123.91959395354799,2,"LINESTRING (626.3099816592273 145.9912738579227, 623.851743384053 22.096064789150887)"
E068,N042,N043,0,76.79312124629479,3,"LINESTRING (910.7281500968642 152.87434102841019, 953.0940018726601 137.30054518251472, 984.6401156984815 134.67170236369623)"
E069,N042,N044,0,141.27504521656488,4,"LINESTRING (910.7281500968642 152.87434102841019, 887.372931402199 121.52748826960408, 886.0585099927898 55.80641779914288, 870.2854530798792 22.94588256391239)"
