environment,canonical_run_id,metric_id,metric_label,metric_family,value,units,population,weighting,library_or_method,higher_lower_interpretation,comparison_role,metric_tier
env39,env39_20260824T123033467880Z_2046798c1e9c,topology.node_count,Canonical nodes,topology_controlled,46,nodes,canonical nodes,unweighted,NetworkX: Graph.number_of_nodes,canonical physical nodes,topology_control,core
env39,env39_20260824T123033467880Z_2046798c1e9c,topology.physical_edge_count,Physical canonical edges,topology_controlled,69,physical streets,undirected physical edges,unweighted,NetworkX: Graph.number_of_edges,"canonical physical streets, not reciprocal arcs",topology_control,core
env39,env39_20260824T123033467880Z_2046798c1e9c,topology.component_count,Connected components,topology_controlled,1,components,physical graph,unweighted,NetworkX: number_connected_components,maximal connected node sets,topology_control,core
env39,env39_20260824T123033467880Z_2046798c1e9c,topology.mean_degree,Mean physical-node degree,topology_controlled,3.0,physical streets per node,canonical nodes,unweighted,Python: statistics.mean,mean node degree,topology_control,core
env39,env39_20260824T123033467880Z_2046798c1e9c,topology.dead_end_proportion,Dead-end proportion,topology_controlled,0.21739130434782608,proportion,canonical nodes,unweighted,custom: degree == 1,fraction of nodes that are dead ends,topology_control,core
env39,env39_20260824T123033467880Z_2046798c1e9c,topology.degree_3_proportion,Degree-3 node proportion,topology_controlled,0.34782608695652173,proportion,canonical nodes,unweighted,custom: degree == 3,fraction of three-street junctions,topology_control,core
env39,env39_20260824T123033467880Z_2046798c1e9c,topology.degree_4_proportion,Degree-4 node proportion,topology_controlled,0.43478260869565216,proportion,canonical nodes,unweighted,custom: degree == 4,fraction of four-street junctions,topology_control,core
env39,env39_20260824T123033467880Z_2046798c1e9c,topology.cycle_rank,Cycle rank,topology_controlled,24,independent cycles,physical graph,unweighted,custom: E - V + C,cyclomatic number of the physical topology,topology_control,core
env39,env39_20260824T123033467880Z_2046798c1e9c,network_weighted.mean_shortest_path_length,Mean weighted shortest-path length,geometry_weighted_network,724.2999737149149,local units,unordered canonical-node pairs,weight = length,NetworkX: average_shortest_path_length,mean geometry-length-weighted shortest-path distance,geometry_sensitive,core
env39,env39_20260824T123033467880Z_2046798c1e9c,geometry.total_length,Total physical network length,geometric_morphology,10945.657681153116,local units,physical canonical edges,unweighted sum,math.fsum,total geometry-derived LineString length,geometry_sensitive,core
env39,env39_20260824T123033467880Z_2046798c1e9c,geometry.mean_edge_length,Mean physical-edge length,geometric_morphology,158.63272001671183,local units,physical canonical edges,equal observation,Python statistics; inclusive quartiles; population standard deviation ddof=0,mean geometry-derived LineString length,geometry_sensitive,core
env39,env39_20260824T123033467880Z_2046798c1e9c,geometry.mean_edge_circuity,Mean edge circuity,geometric_morphology,1.0111449497153886,ratio,positive-chord physical edges,equal observation,Python statistics; inclusive quartiles; population standard deviation ddof=0,mean per-edge L_i / D_i circuity,geometry_sensitive,core
env39,env39_20260824T123033467880Z_2046798c1e9c,geometry.network_circuity,Network circuity,geometric_morphology,1.022596526286689,ratio,positive-chord physical edges,aggregate length ratio,sum(L_i) / sum(D_i),"network aggregate circuity, distinct from mean per-edge circuity",geometry_sensitive,core
env39,env39_20260824T123033467880Z_2046798c1e9c,orientation.chord_entropy,Chord orientation entropy,orientation_morphology,0.8233712721085531,nats,36-bin chord orientations,equal physical edge,-sum(p_i * ln(p_i)),raw Shannon orientation entropy,orientation_sensitive,core
env39,env39_20260824T123033467880Z_2046798c1e9c,orientation.chord_entropy_normalized,Normalized chord orientation entropy,orientation_morphology,0.22976612828040105,proportion,36-bin chord orientations,equal physical edge,H / ln(number_of_bins),"orientation disorder normalized to [0,1]",orientation_sensitive,core
env39,env39_20260824T123033467880Z_2046798c1e9c,orientation.segment_entropy_length_weighted,Segment-length-weighted orientation entropy,orientation_morphology,0.6896030136902007,nats,36-bin geometry-segment orientations,segment_length_local,-sum(p_i * ln(p_i)),raw length-weighted Shannon orientation entropy,orientation_sensitive,core
env39,env39_20260824T123033467880Z_2046798c1e9c,orientation.segment_entropy_length_weighted_normalized,Normalized segment-length-weighted entropy,orientation_morphology,0.19243738502113314,proportion,36-bin geometry-segment orientations,segment_length_local,H / ln(number_of_bins),"length-weighted orientation disorder normalized to [0,1]",orientation_sensitive,core
env39,env39_20260824T123033467880Z_2046798c1e9c,orientation.phi_chord,"Fourfold order, chords",orientation_morphology,0.9511069268378259,proportion,positive-chord physical edges,equal physical edge,|sum(w*exp(i*4*theta))/sum(w)|,fourfold orthogonal orientation order,orientation_sensitive,core
env39,env39_20260824T123033467880Z_2046798c1e9c,orientation.phi_segment_length_weighted,"Fourfold order, length-weighted segments",orientation_morphology,1.0,proportion,positive LineString geometry segments,segment_length_local,|sum(w*exp(i*4*theta))/sum(w)|,length-weighted fourfold local-orientation order,orientation_sensitive,core
env39,env39_20260824T123033467880Z_2046798c1e9c,topology.is_connected,Graph is connected,topology_controlled,True,boolean,physical graph,unweighted,NetworkX: is_connected,whether every pair of nodes has a path,topology_control,supplementary
env39,env39_20260824T123033467880Z_2046798c1e9c,topology.self_loop_count,Self-loop count,topology_controlled,0,physical streets,undirected physical edges,unweighted,NetworkX: number_of_selfloops,physical streets whose endpoints are identical,topology_control,supplementary
env39,env39_20260824T123033467880Z_2046798c1e9c,topology.parallel_edge_count,Parallel physical-edge count,topology_controlled,0,physical streets beyond first per pair,undirected physical edges,unweighted,custom: parallel_physical_edge_count,edges that would be lost by simple conversion,topology_control,supplementary
env39,env39_20260824T123033467880Z_2046798c1e9c,topology.bridge_count,Bridge count,topology_controlled,10,physical streets,simple physical graph edges,unweighted,NetworkX: bridges,streets whose removal increases component count,topology_control,supplementary
env39,env39_20260824T123033467880Z_2046798c1e9c,topology.articulation_point_count,Articulation-point count,topology_controlled,9,nodes,canonical nodes,unweighted,NetworkX: articulation_points,nodes whose removal increases component count,topology_control,supplementary
env39,env39_20260824T123033467880Z_2046798c1e9c,topology.node_connectivity,Node connectivity,topology_controlled,1,nodes,physical graph,unweighted,NetworkX: node_connectivity,minimum nodes whose removal disconnects the graph,topology_control,supplementary
env39,env39_20260824T123033467880Z_2046798c1e9c,topology.edge_connectivity,Edge connectivity,topology_controlled,1,physical streets,physical graph,unweighted,NetworkX: edge_connectivity,minimum streets whose removal disconnects the graph,topology_control,supplementary
env39,env39_20260824T123033467880Z_2046798c1e9c,topology.mean_shortest_path_hops,Mean shortest-path hops,topology_controlled,4.308212560386473,hops,unordered canonical-node pairs,edge cost = 1,NetworkX: average_shortest_path_length,mean minimum physical-edge count between node pairs,topology_control,supplementary
env39,env39_20260824T123033467880Z_2046798c1e9c,topology.diameter_hops,Diameter in hops,topology_controlled,10,hops,physical graph,edge cost = 1,NetworkX: diameter,largest node eccentricity,topology_control,supplementary
env39,env39_20260824T123033467880Z_2046798c1e9c,topology.radius_hops,Radius in hops,topology_controlled,6,hops,physical graph,edge cost = 1,NetworkX: radius,smallest node eccentricity,topology_control,supplementary
env39,env39_20260824T123033467880Z_2046798c1e9c,geometry.median_edge_length,Median physical-edge length,geometric_morphology,131.0174803014961,local units,physical canonical edges,equal observation,Python statistics; inclusive quartiles; population standard deviation ddof=0,median geometry-derived LineString length,geometry_sensitive,supplementary
env39,env39_20260824T123033467880Z_2046798c1e9c,geometry.maximum_edge_length,Maximum physical-edge length,geometric_morphology,674.9952524104815,local units,physical canonical edges,unweighted,Python statistics; inclusive quartiles; population standard deviation ddof=0,maximum geometry-derived LineString length,geometry_sensitive,supplementary
env39,env39_20260824T123033467880Z_2046798c1e9c,geometry.median_edge_circuity,Median edge circuity,geometric_morphology,1.0,ratio,positive-chord physical edges,equal observation,Python statistics; inclusive quartiles; population standard deviation ddof=0,median per-edge L_i / D_i circuity,geometry_sensitive,supplementary
env39,env39_20260824T123033467880Z_2046798c1e9c,geometry.maximum_edge_circuity,Maximum edge circuity,geometric_morphology,1.402464675963248,ratio,positive-chord physical edges,unweighted,Python statistics; inclusive quartiles; population standard deviation ddof=0,maximum per-edge L_i / D_i circuity,geometry_sensitive,supplementary
env39,env39_20260824T123033467880Z_2046798c1e9c,geometry.segment_count,Geometry segment count,geometric_morphology,76,segments,LineString geometry segments,unweighted,positive consecutive coordinate pairs,geometry segments are not graph edges or nodes,context_only,supplementary
env39,env39_20260824T123033467880Z_2046798c1e9c,geometry.zero_chord_edge_count,Zero-chord edge count,geometric_morphology,0,physical streets,physical canonical edges,unweighted,D <= configured tolerance,edges explicitly excluded from circuity and chord orientation,context_only,supplementary
env39,env39_20260824T123033467880Z_2046798c1e9c,orientation.bin_count,Orientation-bin count,orientation_morphology,36,bins,both axial distributions,not applicable,180 / configured bin width,number of deterministic axial bins,context_only,supplementary
env39,env39_20260824T123033467880Z_2046798c1e9c,orientation.bin_width_degrees,Orientation-bin width,orientation_morphology,5.0,degrees,both axial distributions,not applicable,180 / bins,axial histogram bin width,context_only,supplementary
env39,env39_20260824T123033467880Z_2046798c1e9c,orientation.chord_observation_count,Chord-orientation observations,orientation_morphology,69,physical streets,positive-chord physical edges,equal physical edge,one chord orientation per eligible edge,overall endpoint-to-endpoint street axes,context_only,supplementary
env39,env39_20260824T123033467880Z_2046798c1e9c,orientation.segment_observation_count,Segment-orientation observations,orientation_morphology,76,segments,LineString geometry segments,segment length,one orientation per positive geometry segment,local geometry orientations including internal curvature,context_only,supplementary
