node_id,x,y,degree,incident_source_fids
N001,162.17220703245607,1187.5352455266075,1,32
N002,863.2286215960698,1186.5490510682237,1,55
N003,589.5954674446693,1183.1112786592844,1,18
N004,458.57798714315663,1072.6503559407909,3,8;9;28
N005,589.5954674446693,1072.6503559407909,4,9;10;18;19
N006,723.4098306454775,1072.6503559407909,3,10;11;16
N007,863.2286215960698,1072.6503559407909,3,11;55;56
N008,338.86501833192546,980.4276620142698,3,12;13;73
N009,458.57798714315663,980.4276620142698,4,13;14;28;29
N010,589.5954674446693,980.4276620142698,4,14;15;19;20
N011,723.4098306454775,980.4276620142698,3,15;16;17
N012,15.527348985462112,884.8019166513449,1,69
N013,92.23950001437511,884.8019166513449,3,1;36;69
N014,162.1722070324561,884.8019166513449,4,1;2;32;33
N015,338.8650183319114,884.8019166513449,4,2;3;26;73
N016,723.4098306454775,884.8019166513449,4,5;6;17;44
N017,863.2286215960698,884.8019166513449,4,6;7;56;57
N018,978.638688375702,884.8019166513449,1,7
N019,589.5954674446257,884.8019166513448,4,4;5;20;21
N020,458.5779871431296,884.8019166513446,4,3;4;29;30
N021,863.2286215961212,762.323968548054,3,54;57;58
N022,338.8650183319114,762.3239685480539,3,26;27;51
N023,458.5779871431296,762.3239685480539,4,31;51;52;75
N024,589.5954674446257,762.3239685480539,4,21;22;52;53
N025,723.4098306454775,762.3239685480539,4,44;53;54;74
N026,92.23950001437512,636.7513705447836,3,36;37;40
N027,162.17220703245613,636.7513705447836,4,33;34;39;40
N028,338.8650183319114,636.7513705447836,3,27;39;41
N029,458.5779871431296,636.7513705447836,3,41;48;75
N030,589.5954674446257,636.7513705447836,4,22;23;48;49
N031,723.4098306454775,636.7513705447836,4,45;49;50;76
N032,863.2286215961212,636.7513705447834,3,50;58;59
N033,92.23950001437514,387.3077002564369,3,37;38;62
N034,162.17220703245616,387.3077002564369,4,34;35;62;63
N035,589.5954674446257,387.3077002564369,4,23;24;63;64
N036,723.4098306454775,387.3077002564369,3,46;64;72
N037,723.4098306454775,234.51785504761014,3,47;65;66
N038,863.2286215961212,234.51785504761014,4,60;66;67;71
N039,983.9422427091583,234.51785504761014,1,67
N040,589.5954674446257,234.51785504759755,3,24;65;70
N041,589.5954674446257,139.73570825812487,4,25;42;43;70
N042,863.2286215961212,139.73570825812487,4,43;61;68;71
N043,981.6141111544218,139.73570825812487,1,68
N044,863.2286215961212,28.42000916457073,1,61
N045,92.23950001437517,26.243942854079023,1,38
N046,589.5954674446257,24.20211199224474,1,25
