node_id,degree,streets_per_node_osmnx,degree_centrality,betweenness_unweighted,betweenness_length,closeness_unweighted,closeness_length,eccentricity_hops,mean_distance_local,is_articulation_point
N001,1,1,0.022222222222222223,0.0,0.0,0.2112676056338028,0.0009784363593638313,8,1022.0388791052175,False
N002,1,1,0.022222222222222223,0.0,0.0,0.17509727626459143,0.001143675408353384,10,874.3739637103488,False
N003,1,1,0.022222222222222223,0.0,0.0,0.18218623481781376,0.0013042808440391403,9,766.7060392477794,False
N004,3,3,0.06666666666666667,0.05050144300144299,0.007070707070707071,0.21844660194174756,0.0014538797376615622,8,687.8147993233692,False
N005,4,4,0.08888888888888889,0.08483933478186356,0.09835858585858584,0.22167487684729065,0.0015181422468651836,8,658.699803700808,True
N006,3,3,0.06666666666666667,0.050643255212220725,0.08813131313131316,0.2132701421800948,0.0014525671555726117,9,688.4363288565431,False
N007,3,3,0.06666666666666667,0.08121688975137252,0.05719696969696972,0.2112676056338028,0.001310605080923236,9,763.0063506968592,True
N008,3,3,0.06666666666666667,0.07150300210645034,0.012121212121212121,0.23195876288659795,0.0014895555467175563,8,671.3411944949886,False
N009,4,4,0.08888888888888889,0.03491748353817319,0.03143939393939395,0.22959183673469388,0.0016177684541775817,8,618.135430578887,False
N010,4,4,0.08888888888888889,0.06395535163230262,0.1876262626262627,0.2393617021276596,0.0016977339675390845,8,589.0204349563256,False
N011,3,3,0.06666666666666667,0.02799510664081967,0.1271464646464647,0.22727272727272727,0.0016161434367039582,8,618.7569601120608,False
N012,1,1,0.022222222222222223,0.0,0.0,0.18072289156626506,0.0011668794436324702,9,856.9865597143626,False
N013,3,3,0.06666666666666667,0.059483726150392824,0.05092592592592593,0.21951219512195122,0.0012788065184761346,8,781.9791231527588,True
N014,4,4,0.08888888888888889,0.19194300822827468,0.12457912457912458,0.26627218934911245,0.0013773479421521381,7,726.032957538294,True
N015,4,4,0.08888888888888889,0.17788708099052933,0.16463675213675213,0.26785714285714285,0.0016231374639765158,7,616.0907638408551,False
N016,4,4,0.08888888888888889,0.12320268891516756,0.20239898989898983,0.2647058823529412,0.0017746023297404,7,563.506529457947,False
N017,4,4,0.08888888888888889,0.14493030552220462,0.17676767676767677,0.24456521739130435,0.0015672100752885361,8,638.0765512982629,True
N018,1,1,0.022222222222222223,0.0,0.0,0.19736842105263158,0.0013316963235618547,9,750.9219499272366,False
N019,4,4,0.08888888888888889,0.1431134226936625,0.24593013468013467,0.28125,0.0018734660845307301,7,533.7700043022035,False
N020,4,4,0.08888888888888889,0.10915853214250064,0.2818900543900544,0.26785714285714285,0.0017765618201474047,7,562.8849999247582,False
N021,3,3,0.06666666666666667,0.11382448004636311,0.12121212121212122,0.25,0.001608373428259484,8,621.7461582178457,False
N022,3,3,0.06666666666666667,0.025894390814176906,0.05896852305943215,0.25280898876404495,0.0016673325693928724,7,599.7603707604243,False
N023,4,4,0.08888888888888889,0.060623869766224775,0.2017579053942691,0.2616279069767442,0.001829643346661655,7,546.5546068443273,False
N024,4,4,0.08888888888888889,0.13307907881107311,0.12417011439738711,0.28846153846153844,0.0019325926703578243,6,517.4396112217727,False
N025,4,4,0.08888888888888889,0.11363883845664662,0.08224184485548125,0.2710843373493976,0.0018275650809999227,7,547.1761363775162,False
N026,3,3,0.06666666666666667,0.043266503418018555,0.034858920540738726,0.22058823529411764,0.001287314850417391,9,776.8107387837298,False
N027,4,4,0.08888888888888889,0.16675375617182128,0.10575800462164098,0.26785714285714285,0.0013872231168241802,8,720.8645731692649,False
N028,3,3,0.06666666666666667,0.03837544956528915,0.12088393929303022,0.25280898876404495,0.0016368691565441613,8,610.922379471826,False
N029,3,3,0.06666666666666667,0.04005344306729572,0.1236779550415914,0.2616279069767442,0.0017930252965541714,7,557.7166155557292,False
N030,4,4,0.08888888888888889,0.14349007254376203,0.1789050385641295,0.28846153846153844,0.001891783835483553,6,528.6016199331744,False
N031,4,4,0.08888888888888889,0.10682388332128231,0.12684966548602913,0.2710843373493976,0.0017910293409037015,7,558.3381450889179,False
N032,3,3,0.06666666666666667,0.12896599398443398,0.15358782631509907,0.25,0.0015800080521188617,8,632.9081669292476,False
N033,3,3,0.06666666666666667,0.06208111159982819,0.048303270803270806,0.22277227722772278,0.0011407865085676899,9,876.5882068990685,True
N034,4,4,0.08888888888888889,0.21952882242727959,0.06612472544290726,0.2710843373493976,0.0012185580919479042,8,820.6420412846037,False
N035,4,4,0.08888888888888889,0.13938230387274583,0.13088187906369725,0.2777777777777778,0.0015913960521913427,7,628.3790880485132,False
N036,3,3,0.06666666666666667,0.04212091761510903,0.0736070116751935,0.2571428571428571,0.0015194898585237395,7,658.1156132042566,False
N037,3,3,0.06666666666666667,0.018415905082571744,0.049622851895579176,0.22842639593908629,0.0013276953190227007,8,753.1848502230821,False
N038,4,4,0.08888888888888889,0.13288899232365334,0.15472582972582974,0.24193548387096775,0.0012080871206559243,7,827.7548720634118,True
N039,1,1,0.022222222222222223,0.0,0.0,0.1956521739130435,0.0010573216706066721,8,945.7859682628258,False
N040,3,3,0.06666666666666667,0.0322501921430866,0.08049062049062049,0.24456521739130435,0.0013822687334398224,7,723.4483250673451,False
N041,4,4,0.08888888888888889,0.14594893182298674,0.05663780663780663,0.24861878453038674,0.0012511353388551302,8,799.2740424989232,True
N042,4,4,0.08888888888888889,0.13588829042483228,0.08787878787878788,0.2356020942408377,0.0011067081471492072,8,903.5805894950003,True
N043,1,1,0.022222222222222223,0.0,0.0,0.19148936170212766,0.0009810314716083952,9,1019.3352903964498,False
N044,1,1,0.022222222222222223,0.0,0.0,0.19148936170212766,0.000987729821214864,9,1012.4226063864753,False
N045,1,1,0.022222222222222223,0.0,0.0,0.18292682926829268,0.0008132538747416054,10,1229.6283252480405,False
N046,1,1,0.022222222222222223,0.0,0.0,0.2,0.001096202482669582,9,912.2402255144506,False
